순번,국토부 코드,정산 코드,정류장 코드,정류장명,행정구역코드,시도명,시군구명,읍면동명,버스안내단말기 설치유무,와이좌표,엑스좌표
1,183002321,8001421,10010,대전역/중앙시장,3011010100,대전광역시,동구,원동,O,36.329544,127.433304
2,183002322,8001514,10020,원동네거리,3011010100,대전광역시,동구,원동,O,36.32629,127.43351
3,183002323,8002635,10030,중앙시장,3011010100,대전광역시,동구,원동,O,36.329105,127.43359
4,183002325,8001412,10040,대전역/역전시장,3011010100,대전광역시,동구,원동,O,36.32953,127.43368
5,183002326,8002634,10050,중앙시장,3011010100,대전광역시,동구,원동,O,36.32856,127.43393
6,183002327,8002358,10060,중앙시장,3011010100,대전광역시,동구,원동,O,36.328297,127.43441
7,183002328,8002357,10070,원동네거리,3011010100,대전광역시,동구,원동,O,36.32757,127.43485
8,183002335,8002356,10080,원동네거리,3011010200,대전광역시,동구,인동,O,36.32597,127.435356
9,183002336,8002482,10090,신인동주민센터,3011010200,대전광역시,동구,인동,O,36.323513,127.437065
10,183002337,8002481,10100,인동네거리,3011010200,대전광역시,동구,인동,O,36.32267,127.43716
11,183002338,8002483,10110,인동현대아파트,3011010200,대전광역시,동구,인동,O,36.319748,127.43852
12,183002339,8002480,10120,인동네거리,3011010200,대전광역시,동구,인동,O,36.32178,127.43868
13,183002340,8002484,10130,인동현대아파트,3011010200,대전광역시,동구,인동,O,36.319553,127.438934
14,183002341,8002149,10140,동부경찰서,3011010200,대전광역시,동구,인동,O,36.322468,127.44054
15,183002342,8002148,10150,동부경찰서,3011010200,대전광역시,동구,인동,O,36.32222,127.4407
16,183002458,8003014,10170,효동네거리,3011010300,대전광역시,동구,효동,O,36.316166,127.43991
17,183002459,8003016,10180,효동네거리,3011010300,대전광역시,동구,효동,O,36.31648,127.44009
18,183002460,8003018,10190,효동행정복지센터,3011010300,대전광역시,동구,효동,O,36.316086,127.44082
19,183002461,8003017,10200,효동행정복지센터,3011010300,대전광역시,동구,효동,O,36.316113,127.44108
20,183002462,8002691,10210,효동현대아파트,3011010300,대전광역시,동구,효동,O,36.3178,127.44185
21,183002463,8002692,10220,효동현대아파트,3011010300,대전광역시,동구,효동,O,36.318287,127.44251
22,183002464,8005873,14170,효동주민센터,3011010300,대전광역시,동구,효동,O,36.317066,127.44264
23,183002385,8001397,10230,천석교,3011010400,대전광역시,동구,천동,O,36.312794,127.441505
24,183002386,8001396,10240,천석교,3011010400,대전광역시,동구,천동,X,36.312378,127.441696
25,183002389,8002688,10250,천동,3011010400,대전광역시,동구,천동,O,36.311775,127.44478
26,183002390,8002687,10260,천동,3011010400,대전광역시,동구,천동,O,36.311913,127.44531
27,183002393,8002690,10270,천동주공아파트,3011010400,대전광역시,동구,천동,O,36.310314,127.4487
28,183002394,8002689,10280,천동주공아파트,3011010400,대전광역시,동구,천동,O,36.310764,127.448616
29,183002387,8005872,14180,천동초등학교,3011010400,대전광역시,동구,천동,O,36.315693,127.44458
30,183002388,8005871,14190,천동초등학교,3011010400,대전광역시,동구,천동,O,36.315994,127.444725
31,183002392,8005869,14200,천동휴먼시아,3011010400,대전광역시,동구,천동,O,36.3136,127.4456
32,183002391,8005870,14210,천동휴먼시아,3011010400,대전광역시,동구,천동,O,36.3141,127.44559
33,183002026,8001045,10290,가오동,3011010500,대전광역시,동구,가오동,X,36.308155,127.44981
34,183002027,8001044,10300,가오동,3011010500,대전광역시,동구,가오동,O,36.308857,127.450066
35,183002028,8001043,10310,가오동,3011010500,대전광역시,동구,가오동,O,36.308,127.45078
36,183002030,8001048,10320,가오주공아파트,3011010500,대전광역시,동구,가오동,O,36.30562,127.45257
37,183002031,8001047,10330,가오주공아파트,3011010500,대전광역시,동구,가오동,O,36.30534,127.45268
38,183002034,8001740,10340,남대전변전소,3011010500,대전광역시,동구,가오동,O,36.30386,127.45436
39,183002033,8001046,10350,남대전변전소,3011010500,대전광역시,동구,가오동,X,36.303745,127.454315
40,183002035,8002440,10360,가오동네거리,3011010500,대전광역시,동구,가오동,O,36.30556,127.454636
41,183002036,8002441,10370,가오동네거리,3011010500,대전광역시,동구,가오동,O,36.30542,127.4548
42,183002039,8001041,10380,동구청,3011010500,대전광역시,동구,가오동,O,36.311527,127.45552
43,183002038,8001042,10390,동구청,3011010500,대전광역시,동구,가오동,O,36.31034,127.45545
44,183002040,8002833,10400,은어송초등학교,3011010500,대전광역시,동구,가오동,O,36.30167,127.45638
45,183002041,8002449,10420,은어송마을6단지,3011010500,대전광역시,동구,가오동,O,36.310215,127.45664
46,183002042,8002442,10430,은어송마을1단지,3011010500,대전광역시,동구,가오동,X,36.303543,127.45721
47,183002043,8002450,10440,은어송마을6단지,3011010500,대전광역시,동구,가오동,O,36.3108,127.45723
48,183002047,8002445,10470,은어송마을3단지후문,3011010500,대전광역시,동구,가오동,O,36.3119,127.45905
49,183002046,8002447,10490,은어송마을5단지,3011010500,대전광역시,동구,가오동,O,36.308434,127.458824
50,183002048,8002448,10500,은어송마을5단지,3011010500,대전광역시,동구,가오동,O,36.308628,127.45936
51,183002050,8002444,10510,은어송마을3단지,3011010500,대전광역시,동구,가오동,O,36.310368,127.46144
52,183002049,8002446,10520,은어송마을4단지,3011010500,대전광역시,동구,가오동,O,36.310074,127.46134
53,183002044,8005875,14130,홈플러스가오점,3011010500,대전광역시,동구,가오동,O,36.305607,127.45799
54,183002045,8005874,14140,홈플러스가오점,3011010500,대전광역시,동구,가오동,O,36.30583,127.45812
55,183002037,8007017,14340,가오고등학교,3011010500,대전광역시,동구,가오동,O,36.309856,127.45482
56,183002032,8007018,14350,가오고등학교,3011010500,대전광역시,동구,가오동,O,36.309402,127.45509
57,183002029,8007070,14360,가오동,3011010500,대전광역시,동구,가오동,X,36.308586,127.45133
58,183002254,8005568,10530,신흥동종점,3011010600,대전광역시,동구,신흥동,X,36.322105,127.44365
59,183002256,8002152,10540,신흥동주민센터,3011010600,대전광역시,동구,신흥동,X,36.32323,127.44382
60,183002255,8002572,10550,어진마을아파트,3011010600,대전광역시,동구,신흥동,O,36.320877,127.44382
61,183002257,8002570,10560,신흥마을아파트정문,3011010600,대전광역시,동구,신흥동,O,36.32078,127.44406
62,183002258,8002150,10570,신흥동시외버스정류소,3011010600,대전광역시,동구,신흥동,O,36.322495,127.44479
63,183002260,8002151,10580,신흥동시외버스정류소,3011010600,대전광역시,동구,신흥동,O,36.322445,127.44515
64,183002261,8002573,10600,신흥마을아파트,3011010600,대전광역시,동구,신흥동,O,36.321133,127.44586
65,183002259,8002571,10610,신흥마을아파트후문,3011010600,대전광역시,동구,신흥동,O,36.32126,127.44515
66,183002416,8002153,10630,신흥역,3011010700,대전광역시,동구,판암동,O,36.31937,127.44914
67,183002417,8002154,10640,신흥역,3011010700,대전광역시,동구,판암동,O,36.31929,127.44983
68,183002418,8002817,10650,판암근린공원,3011010700,대전광역시,동구,판암동,O,36.317993,127.45208
69,183002419,8002818,10660,판암근린공원,3011010700,대전광역시,동구,판암동,O,36.318115,127.45234
70,183002420,8001670,10670,미리내아파트,3011010700,대전광역시,동구,판암동,O,36.31688,127.45562
71,183002421,8002822,10680,판암역네거리,3011010700,대전광역시,동구,판암동,O,36.317104,127.455795
72,183002422,8002816,10690,판암역네거리,3011010700,대전광역시,동구,판암동,O,36.317326,127.45653
73,183002423,8002819,10700,판암2동주민센터,3011010700,대전광역시,동구,판암동,O,36.3198,127.45705
74,183002424,8002825,10720,판암주공4단지,3011010700,대전광역시,동구,판암동,O,36.32119,127.45874
75,183002425,8002451,10730,은어송마을3단지후문,3011010700,대전광역시,동구,판암동,O,36.312267,127.45926
76,183002428,8002823,10740,판암역,3011010700,대전광역시,동구,판암동,O,36.316902,127.459305
77,183002427,8002826,10750,판암주공5단지,3011010700,대전광역시,동구,판암동,O,36.32224,127.45975
78,183002426,8002824,10760,판암역,3011010700,대전광역시,동구,판암동,O,36.31727,127.45966
79,183002429,8002625,10770,판암테크노타운,3011010700,대전광역시,동구,판암동,O,36.32215,127.461494
80,183002430,8002829,10780,판암네거리,3011010700,대전광역시,동구,판암동,O,36.31825,127.46168
81,183002432,8002820,10790,판암동성당,3011010700,대전광역시,동구,판암동,O,36.319996,127.461815
82,183002431,8002828,10800,판암네거리,3011010700,대전광역시,동구,판암동,O,36.318077,127.461815
83,183002433,8002821,10810,판암동성당,3011010700,대전광역시,동구,판암동,O,36.31991,127.46227
84,183002434,8002830,10830,판암IC,3011010700,대전광역시,동구,판암동,X,36.318832,127.468475
85,183002164,8001391,10840,판암차량기지,3011010800,대전광역시,동구,삼정동,O,36.32133,127.471565
86,183002163,8001390,10850,판암차량기지,3011010800,대전광역시,동구,삼정동,X,36.32036,127.47139
87,183002165,8001879,10860,삼정동,3011010800,대전광역시,동구,삼정동,O,36.325794,127.47292
88,183002166,8001880,10870,삼정동,3011010800,대전광역시,동구,삼정동,O,36.325916,127.47342
89,183002167,8001545,12670,대전동신과학고,3011010800,대전광역시,동구,삼정동,O,36.33145,127.47566
90,183002169,8006000,12670,대전동신과학고,3011010800,대전광역시,동구,삼정동,X,36.33222,127.476906
91,183002170,8001546,12680,대전동신과학고,3011010800,대전광역시,동구,삼정동,O,36.332317,127.47736
92,183002171,8001810,12690,비룡동입구,3011010800,대전광역시,동구,삼정동,X,36.332767,127.47757
93,183002268,8002295,10880,한밭여중입구,3011010900,대전광역시,동구,용운동,X,36.32737,127.44761
94,183002270,8002286,10890,용방마을아파트,3011010900,대전광역시,동구,용운동,O,36.326893,127.4507
95,183002269,8002289,10900,용방마을아파트,3011010900,대전광역시,동구,용운동,O,36.327393,127.45037
96,183002272,8002341,10910,우송대동캠퍼스,3011010900,대전광역시,동구,용운동,O,36.333096,127.453415
97,183002273,8002307,10920,용운주공2단지,3011010900,대전광역시,동구,용운동,O,36.32833,127.453545
98,183002275,8002342,10930,용수골,3011010900,대전광역시,동구,용운동,X,36.332783,127.454346
99,183002274,8002287,10940,용운종합사회복지관,3011010900,대전광역시,동구,용운동,O,36.327587,127.45379
100,183002277,8002305,10950,용운마젤란아파트,3011010900,대전광역시,동구,용운동,O,36.337708,127.45729
101,183002280,8001381,10960,대전대학교입구,3011010900,대전광역시,동구,용운동,O,36.32818,127.45814
102,183002276,8001234,10970,꿈에그린아파트,3011010900,대전광역시,동구,용운동,O,36.333107,127.45718
103,183002279,8002304,10980,용운마젤란아파트,3011010900,대전광역시,동구,용운동,O,36.338184,127.457634
104,183002278,8001236,10990,꿈에그린아파트,3011010900,대전광역시,동구,용운동,O,36.333054,127.457306
105,183002281,8001383,11000,대전대학교입구,3011010900,대전광역시,동구,용운동,X,36.328743,127.45931
106,183002283,8002296,11020,용운동주민센터,3011010900,대전광역시,동구,용운동,O,36.327988,127.46078
107,183002284,8001379,11030,대전대학교,3011010900,대전광역시,동구,용운동,X,36.3307,127.460594
108,183002285,8002299,11040,용운초등학교,3011010900,대전광역시,동구,용운동,O,36.32687,127.4616
109,183002286,8002301,11050,용운동주민센터,3011010900,대전광역시,동구,용운동,X,36.32833,127.461784
110,183002287,8001617,11060,용운도서관,3011010900,대전광역시,동구,용운동,X,36.324986,127.46193
111,183002288,8001618,11070,용운도서관,3011010900,대전광역시,동구,용운동,O,36.32468,127.462204
112,183002289,8001619,11080,모리아파트,3011010900,대전광역시,동구,용운동,X,36.323086,127.46233
113,183002290,8002308,11090,에코포레아파트,3011010900,대전광역시,동구,용운동,O,36.3304,127.463135
114,183002293,8001384,11100,대전대학교,3011010900,대전광역시,동구,용운동,X,36.33268,127.46375
115,183002298,8002298,11110,용운국제수영장,3011010900,대전광역시,동구,용운동,O,36.324577,127.46516
116,183002299,8002297,11120,용운국제수영장,3011010900,대전광역시,동구,용운동,O,36.324547,127.46535
117,183002300,8001907,11130,새울,3011010900,대전광역시,동구,용운동,O,36.330772,127.46579
118,183002302,8001760,11140,에코포레아파트,3011010900,대전광역시,동구,용운동,O,36.328133,127.46638
119,183002301,8001908,11150,새울,3011010900,대전광역시,동구,용운동,X,36.330875,127.46608
120,183002303,8001761,11160,복음아파트,3011010900,대전광역시,동구,용운동,O,36.3285,127.46664
121,183002282,8001382,11010,대전대학교입구,3011010900,대전광역시,동구,용운동,O,36.32804,127.45949
122,183002294,8007062,14250,대전대학교,3011010900,대전광역시,동구,용운동,X,36.33303,127.46375
123,183002271,8003051,14280,우송대동캠퍼스,3011010900,대전광역시,동구,용운동,O,36.33291,127.453545
124,183002295,8005988,14520,대전대학교동문,3011010900,대전광역시,동구,용운동,O,36.335354,127.4638
125,183002291,8005989,14530,대전대학교동문,3011010900,대전광역시,동구,용운동,O,36.33537,127.46358
126,183002078,8002727,10590,충남중학교,3011011000,대전광역시,동구,대동,O,36.324642,127.44547
127,183002070,8005881,11170,대동역2번출구,3011011000,대전광역시,동구,대동,O,36.328762,127.44144
128,183002071,8001348,11180,대동역3번출구,3011011000,대전광역시,동구,대동,O,36.32906,127.441734
129,183002072,8001344,11200,새들뫼아파트,3011011000,대전광역시,동구,대동,O,36.328083,127.44307
130,183002073,8001349,11210,대동역7번출구,3011011000,대전광역시,동구,대동,O,36.33028,127.44373
131,183002076,8001351,11220,펜타뷰아파트,3011011000,대전광역시,동구,대동,O,36.328777,127.44422
132,183002075,8001345,11230,충남중네거리,3011011000,대전광역시,동구,대동,O,36.327457,127.44421
133,183002077,8002344,11240,우송고등학교,3011011000,대전광역시,동구,대동,O,36.333046,127.4454
134,183002079,8002728,11250,충남중학교,3011011000,대전광역시,동구,대동,O,36.3247,127.44583
135,183002080,8002290,11260,대동초등학교,3011011000,대전광역시,동구,대동,O,36.325996,127.447266
136,183002081,8001352,11270,대동초등학교,3011011000,대전광역시,동구,대동,O,36.326206,127.44738
137,183002074,8002488,11280,자양초등학교,3011011000,대전광역시,동구,대동,O,36.33128,127.44392
138,183002343,8002345,11290,우송고등학교,3011011100,대전광역시,동구,자양동,O,36.33445,127.44585
139,183002344,8002340,11300,우송대삼거리,3011011100,대전광역시,동구,자양동,O,36.336014,127.44718
140,183002345,8002339,11310,우송대학교서캠퍼스,3011011100,대전광역시,동구,자양동,O,36.337547,127.44774
141,183002346,8002485,11320,자양동,3011011100,대전광역시,동구,자양동,O,36.34058,127.448616
142,183002347,8001445,11330,대주파크빌,3011011100,대전광역시,동구,자양동,O,36.342396,127.4488
143,183002348,8002343,11340,우송어학센터,3011011100,대전광역시,동구,자양동,O,36.339973,127.44899
144,183002349,8002486,11350,자양동주민센터,3011011100,대전광역시,동구,자양동,O,36.335636,127.44929
145,183002350,8002487,11360,자양동주민센터,3011011100,대전광역시,동구,자양동,O,36.335342,127.44951
146,183002351,8001548,11370,동아마이스터고,3011011100,대전광역시,동구,자양동,O,36.344177,127.45187
147,183002014,8001444,11600,대주파크빌,3011011100,대전광역시,동구,자양동,O,36.34312,127.44945
148,183002020,8001547,11660,동아마이스터고,3011011100,대전광역시,동구,자양동,O,36.34487,127.45285
149,183002238,8002155,11380,이스트시티아파트,3011011200,대전광역시,동구,신안동,O,36.328053,127.439354
150,183002239,8002156,11390,대전화병원,3011011200,대전광역시,동구,신안동,O,36.328274,127.439354
151,183002240,8002114,11400,신안동,3011011200,대전광역시,동구,신안동,O,36.33171,127.440285
152,183002210,8005504,11410,대전역동광장,3011011300,대전광역시,동구,소제동,X,36.33353,127.43734
153,183002214,8005621,11420,대전역동광장종점,3011011300,대전광역시,동구,소제동,X,36.332615,127.43771
154,183002219,8001422,11420,대전역동광장,3011011300,대전광역시,동구,소제동,X,36.33362,127.43908
155,183002217,8005548,11430,대전역동광장,3011011300,대전광역시,동구,소제동,X,36.33362,127.43908
156,183002220,8002040,11450,중앙동주민센터,3011011300,대전광역시,동구,소제동,O,36.335583,127.43895
157,183002222,8002039,11460,중앙동주민센터,3011011300,대전광역시,동구,소제동,O,36.33516,127.43944
158,183002223,8002115,11470,신안동,3011011300,대전광역시,동구,소제동,O,36.33159,127.440704
159,183002001,8001365,12350,대성여자고등학교,3011011300,대전광역시,동구,소제동,O,36.33699,127.43872
160,183002216,8001366,12360,대성여자고등학교,3011011300,대전광역시,동구,소제동,O,36.337444,127.43807
161,187001395,8007268,14630,대전역동광장,3011011300,대전광역시,동구,소제동,X,36.333817,127.43729
162,183002002,8001970,11480,아침마을아파트,3011011400,대전광역시,동구,가양동,O,36.34226,127.43931
163,183002003,8001533,11490,동부네거리,3011011400,대전광역시,동구,가양동,O,36.350216,127.44048
164,183002004,8001228,11500,가양초등학교,3011011400,대전광역시,동구,가양동,O,36.343613,127.44162
165,183002005,8001229,11510,가양초등학교,3011011400,대전광역시,동구,가양동,O,36.344067,127.443184
166,183002006,8002899,11520,동대전시립도서관,3011011400,대전광역시,동구,가양동,O,36.348995,127.443214
167,183002007,8002898,11530,동대전시립도서관,3011011400,대전광역시,동구,가양동,O,36.348614,127.443924
168,183002008,8001035,11540,가양네거리,3011011400,대전광역시,동구,가양동,O,36.346535,127.444756
169,183002009,8001036,11550,가양네거리,3011011400,대전광역시,동구,가양동,O,36.34641,127.445335
170,183002010,8001037,11560,흥룡초등학교,3011011400,대전광역시,동구,가양동,O,36.34435,127.44649
171,183002011,8001040,11570,가양동우체국,3011011400,대전광역시,동구,가양동,O,36.346153,127.44707
172,183002012,8001034,11580,가양네거리,3011011400,대전광역시,동구,가양동,O,36.34603,127.44739
173,183002013,8001443,11590,대주파크빌,3011011400,대전광역시,동구,가양동,O,36.342636,127.44803
174,183002016,8001400,11610,대전보건대학교,3011011400,대전광역시,동구,가양동,O,36.348354,127.45088
175,183002015,8002843,11620,평화아파트,3011011400,대전광역시,동구,가양동,O,36.354103,127.450836
176,183002017,8001401,11630,대전보건대학교,3011011400,대전광역시,동구,가양동,O,36.34831,127.45116
177,183002018,8002893,11640,한국폴리텍대학,3011011400,대전광역시,동구,가양동,O,36.350567,127.452126
178,183002019,8002894,11650,한국폴리텍대학,3011011400,대전광역시,동구,가양동,O,36.350624,127.45245
179,183002021,8001403,11670,대전보건대학교,3011011400,대전광역시,동구,가양동,O,36.34843,127.45379
180,183002022,8001402,11680,대전보건대학교,3011011400,대전광역시,동구,가양동,O,36.348534,127.45397
181,183002023,8001612,11690,명석고등학교,3011011400,대전광역시,동구,가양동,O,36.354073,127.45417
182,183002024,8002346,11700,우암사적공원,3011011400,대전광역시,동구,가양동,O,36.346542,127.45544
183,183002025,8002347,11710,우암사적공원,3011011400,대전광역시,동구,가양동,O,36.346783,127.456085
184,183002193,8001995,12000,성남네거리,3011011400,대전광역시,동구,가양동,O,36.341225,127.43724
185,183002304,8002946,11720,한숲아파트,3011011500,대전광역시,동구,용전동,O,36.35473,127.427666
186,183002305,8002310,11730,용전네거리,3011011500,대전광역시,동구,용전동,O,36.349922,127.43197
187,183002306,8002316,11740,대전지방국토관리청,3011011500,대전광역시,동구,용전동,O,36.35224,127.4322
188,183002309,8002315,11750,용전동주민센터,3011011500,대전광역시,동구,용전동,O,36.358025,127.43249
189,183002308,8002311,11760,용전네거리,3011011500,대전광역시,동구,용전동,O,36.350033,127.43247
190,183002307,8002313,11770,용전초등학교입구,3011011500,대전광역시,동구,용전동,O,36.3551,127.43244
191,183002310,8002317,11780,대전지방국토관리청,3011011500,대전광역시,동구,용전동,O,36.35209,127.43263
192,183002311,8002312,11790,용전초등학교입구,3011011500,대전광역시,동구,용전동,O,36.355015,127.43293
193,183002312,8002314,11800,용전동주민센터,3011011500,대전광역시,동구,용전동,O,36.357227,127.43301
194,183002313,8002880,11810,한국전력공사,3011011500,대전광역시,동구,용전동,O,36.357193,127.43447
195,183002314,8002881,11820,한국전력공사,3011011500,대전광역시,동구,용전동,O,36.357525,127.4347
196,183002315,8001096,11830,복합터미널,3011011500,대전광역시,동구,용전동,O,36.349014,127.43567
197,183002316,8002987,11840,대전문학관입구,3011011500,대전광역시,동구,용전동,O,36.355103,127.436966
198,183002317,8002986,11850,대전문학관입구,3011011500,대전광역시,동구,용전동,O,36.35508,127.437546
199,183002319,8001921,11860,한국전기공사협회,3011011500,대전광역시,동구,용전동,O,36.353367,127.43958
200,183002320,8001534,11870,동부네거리,3011011500,대전광역시,동구,용전동,O,36.35043,127.43968
201,183002318,8001920,11880,구샤또호텔,3011011500,대전광역시,동구,용전동,O,36.35286,127.43957
202,183002184,8002994,11930,홍도지하차도,3011011600,대전광역시,동구,성남동,O,36.34603,127.43053
203,183002185,8002309,11940,효촌마을아파트,3011011600,대전광역시,동구,성남동,O,36.346275,127.43249
204,183002187,8003022,11950,효촌마을아파트,3011011600,대전광역시,동구,성남동,O,36.34516,127.43355
205,183002188,8001992,11960,스마트뷰아파트,3011011600,대전광역시,동구,성남동,O,36.343735,127.43398
206,183002189,8001994,11970,성남네거리,3011011600,대전광역시,동구,성남동,O,36.34042,127.43501
207,183002190,8001996,11980,성남네거리,3011011600,대전광역시,동구,성남동,O,36.3417,127.43559
208,183002191,8001993,11990,성남네거리,3011011600,대전광역시,동구,성남동,O,36.340137,127.43618
209,183002192,8001097,12010,복합터미널,3011011600,대전광역시,동구,성남동,O,36.349037,127.437195
210,183002194,8001038,12020,석촌마을아파트,3011011600,대전광역시,동구,성남동,O,36.34193,127.43802
211,187001243,8001088,12040,경덕중학교입구,3011011700,대전광역시,동구,홍도동,X,36.348564,127.42111
212,187001242,8002989,12050,홍도동,3011011700,대전광역시,동구,홍도동,X,36.34874,127.421074
213,183002449,8001087,12060,홍도지하보도,3011011700,대전광역시,동구,홍도동,X,36.34765,127.422035
214,183002448,8002988,12070,홍도지하보도,3011011700,대전광역시,동구,홍도동,O,36.34794,127.4216
215,183002450,8002991,12080,홍도동현암아파트,3011011700,대전광역시,동구,홍도동,X,36.344486,127.42376
216,183002451,8002990,12090,홍도동현암아파트,3011011700,대전광역시,동구,홍도동,X,36.344673,127.42378
217,183002452,8001085,12110,한남로삼거리,3011011700,대전광역시,동구,홍도동,O,36.351215,127.42663
218,183002453,8001086,12120,한남로삼거리,3011011700,대전광역시,동구,홍도동,O,36.35128,127.427414
219,183002454,8002158,12130,아리랑프라자,3011011700,대전광역시,동구,홍도동,O,36.34827,127.429344
220,183002455,8002993,12140,홍도지하차도,3011011700,대전광역시,동구,홍도동,O,36.346127,127.4301
221,183002456,8002157,12150,아리랑프라자,3011011700,대전광역시,동구,홍도동,O,36.34771,127.42996
222,183002158,8001873,11920,삼성네거리,3011011800,대전광역시,동구,삼성동,O,36.33878,127.428825
223,183002140,8002972,12160,현암시장,3011011800,대전광역시,동구,삼성동,O,36.34208,127.415535
224,183002141,8001870,12170,삼성2동,3011011800,대전광역시,동구,삼성동,X,36.339813,127.416626
225,183002142,8001741,12180,현암초등학교,3011011800,대전광역시,동구,삼성동,O,36.34197,127.41941
226,183002144,8002971,12190,현암교,3011011800,대전광역시,동구,삼성동,O,36.340084,127.420074
227,183002143,8005855,12200,현암초등학교,3011011800,대전광역시,동구,삼성동,O,36.342396,127.42001
228,183002145,8002970,12210,현암교,3011011800,대전광역시,동구,삼성동,O,36.33962,127.42015
229,183002147,8002621,12230,삼성동행정복지센터,3011011800,대전광역시,동구,삼성동,O,36.339466,127.42235
230,183002149,8002622,12240,삼성동행정복지센터,3011011800,대전광역시,동구,삼성동,O,36.339497,127.42258
231,183002150,8001797,12250,북부교,3011011800,대전광역시,동구,삼성동,O,36.33825,127.42381
232,183002151,8001796,12260,북부교,3011011800,대전광역시,동구,삼성동,O,36.33818,127.42418
233,183002156,8002934,12290,한밭중네거리,3011011800,대전광역시,동구,삼성동,O,36.336952,127.42679
234,183002155,8001749,12300,한밭중네거리,3011011800,대전광역시,동구,삼성동,O,36.33666,127.42679
235,183002159,8001876,12310,삼성초등학교,3011011800,대전광역시,동구,삼성동,O,36.336464,127.43009
236,183002160,8001872,12320,삼성네거리,3011011800,대전광역시,동구,삼성동,O,36.33712,127.43016
237,183002161,8001871,12330,삼성초등학교,3011011800,대전광역시,동구,삼성동,O,36.336555,127.43039
238,183002162,8001090,12340,계룡디지텍고입구,3011011800,대전광역시,동구,삼성동,O,36.33935,127.433395
239,187001380,8007269,14590,한밭자이아파트,3011011800,대전광역시,동구,삼성동,O,36.340706,127.42624
240,187001394,8007270,14600,한밭자이아파트,3011011800,대전광역시,동구,삼성동,O,36.341194,127.425095
241,187001381,8007271,14610,솔랑마을아파트,3011011800,대전광역시,동구,삼성동,O,36.343445,127.42238
242,187001393,8007272,14620,솔랑마을아파트,3011011800,대전광역시,동구,삼성동,O,36.343925,127.42126
243,183002355,8001420,12370,대전역,3011011900,대전광역시,동구,정동,O,36.33344,127.431404
244,183002356,8002695,12380,대전역/하나은행,3011011900,대전광역시,동구,정동,O,36.333744,127.43168
245,183002357,8001419,12390,대전역,3011011900,대전광역시,동구,정동,O,36.332737,127.431725
246,183002359,8001417,12410,대전역,3011011900,대전광역시,동구,정동,O,36.33195,127.43239
247,183002358,8007412,14730,대전역,3011011900,대전광역시,동구,정동,O,36.332798,127.43197
248,183002374,8001528,12420,목척교,3011012000,대전광역시,동구,중동,O,36.33036,127.4299
249,183002375,8002995,12430,목척교,3011012000,대전광역시,동구,중동,O,36.330173,127.43032
250,183002376,8001529,12440,목척교,3011012000,대전광역시,동구,중동,O,36.330624,127.430565
251,183002377,8001527,12450,목척교,3011012000,대전광역시,동구,중동,O,36.330685,127.43078
252,183002378,8001413,12460,대전역,3011012000,대전광역시,동구,중동,O,36.33046,127.43108
253,183002380,8001414,12470,대전역,3011012000,대전광역시,동구,중동,O,36.330814,127.43195
254,183002379,8001415,14230,대전역네거리,3011012000,대전광역시,동구,중동,O,36.331043,127.431854
255,183002324,8003054,14270,대전역/역전시장,3011012000,대전광역시,동구,중동,O,36.33012,127.433365
256,183002396,8002713,12490,상추,3011012100,대전광역시,동구,추동,X,36.374332,127.46789
257,183002397,8002712,12500,상추,3011012100,대전광역시,동구,추동,X,36.374405,127.4679
258,183002403,8001448,12520,대청호자연생태관,3011012100,대전광역시,동구,추동,X,36.373745,127.47215
259,183002402,8001449,12540,대청호자연생태관,3011012100,대전광역시,동구,추동,O,36.373554,127.47212
260,183002406,8002657,12550,중추마을/가래울,3011012100,대전광역시,동구,추동,O,36.375797,127.475426
261,183002409,8002656,12560,중추마을/가래울,3011012100,대전광역시,동구,추동,X,36.375736,127.4755
262,183002408,8001519,12570,동명초등학교,3011012100,대전광역시,동구,추동,X,36.372963,127.47547
263,183002407,8001518,12580,동명초등학교,3011012100,대전광역시,동구,추동,X,36.373413,127.47544
264,183002405,8001521,12590,동명초등학교,3011012100,대전광역시,동구,추동,O,36.373188,127.47517
265,183002410,8002715,12600,추동취수장,3011012100,대전광역시,동구,추동,O,36.370747,127.475746
266,183002411,8002716,12610,추동취수장,3011012100,대전광역시,동구,추동,X,36.37068,127.475845
267,183002414,8001594,12620,마산B지구,3011012100,대전광역시,동구,추동,O,36.37909,127.47783
268,183002415,8001593,12630,마산B지구,3011012100,대전광역시,동구,추동,X,36.379017,127.47793
269,183002398,8005885,12510,중말,3011012100,대전광역시,동구,추동,X,36.373238,127.46844
270,183002399,8002714,12510,중말,3011012100,대전광역시,동구,추동,X,36.373337,127.46844
271,183002412,8002710,12760,추동,3011012100,대전광역시,동구,추동,X,36.364178,127.47642
272,183002413,8002709,12770,추동,3011012100,대전광역시,동구,추동,X,36.36415,127.47658
273,183002400,8005886,12510,중말,3011012100,대전광역시,동구,추동,X,36.373367,127.468475
274,183002114,8001805,12640,비룡교차로,3011012200,대전광역시,동구,비룡동,O,36.348557,127.473434
275,183002115,8001804,12650,비룡교차로,3011012200,대전광역시,동구,비룡동,X,36.348442,127.47346
276,183002119,8001807,12700,비룡/새동네,3011012200,대전광역시,동구,비룡동,X,36.343853,127.47778
277,183002118,8001809,12710,비룡/줄골,3011012200,대전광역시,동구,비룡동,O,36.338375,127.47777
278,183002121,8001806,12720,비룡/새동네,3011012200,대전광역시,동구,비룡동,O,36.343887,127.47788
279,183002120,8001808,12730,비룡/줄골,3011012200,대전광역시,동구,비룡동,X,36.338417,127.47788
280,183002360,8001222,12780,금성마을,3011012300,대전광역시,동구,주산동,X,36.353745,127.47744
281,183002361,8001221,12790,금성마을,3011012300,대전광역시,동구,주산동,X,36.353687,127.47752
282,183002362,8002588,12800,주산동/상촌,3011012300,대전광역시,동구,주산동,X,36.356647,127.47798
283,183002363,8002587,12810,주산동/상촌,3011012300,대전광역시,동구,주산동,X,36.356556,127.47801
284,183002366,8002370,12820,원주산.양지말,3011012300,대전광역시,동구,주산동,X,36.36071,127.48027
285,183002367,8002369,12830,원주산.양지말,3011012300,대전광역시,동구,주산동,X,36.360798,127.480354
286,183002110,8001592,12840,마산/진등날,3011012500,대전광역시,동구,마산동,X,36.383434,127.47952
287,183002111,8001591,12850,마산/진등날,3011012500,대전광역시,동구,마산동,X,36.383476,127.47977
288,183002384,8001265,12860,냉천골종점,3011012500,대전광역시,동구,마산동,X,36.41541,127.49082
289,183002112,8002360,12870,원마산,3011012500,대전광역시,동구,마산동,O,36.38655,127.48071
290,183002113,8002359,12880,원마산,3011012500,대전광역시,동구,마산동,X,36.38643,127.48083
291,183002466,8002684,12890,천개동종점,3011012600,대전광역시,동구,효평동,X,36.38206,127.45881
292,183002468,8003025,12900,효평동,3011012600,대전광역시,동구,효평동,O,36.39886,127.46813
293,183002467,8003024,12910,효평동,3011012600,대전광역시,동구,효평동,X,36.39875,127.46813
294,183002469,8003031,12920,효평마루,3011012600,대전광역시,동구,효평동,X,36.406376,127.473434
295,183002470,8003030,12930,효평마루,3011012600,대전광역시,동구,효평동,X,36.40645,127.473564
296,183002471,8003028,12940,효평삼거리,3011012600,대전광역시,동구,효평동,X,36.40928,127.473564
297,183002472,8003027,12950,효평삼거리,3011012600,대전광역시,동구,효평동,X,36.40934,127.47368
298,183002474,8003026,12950,효평삼거리,3011012600,대전광역시,동구,효평동,X,36.409626,127.473976
299,183002382,8002665,12960,직동종점,3011012700,대전광역시,동구,직동,X,36.41759,127.479034
300,183002196,8001004,12740,가는골,3011012800,대전광역시,동구,세천동,X,36.33526,127.48288
301,183002195,8001003,12750,가는골,3011012800,대전광역시,동구,세천동,X,36.335037,127.48285
302,183002197,8002027,12990,세천/새동네,3011012800,대전광역시,동구,세천동,O,36.336132,127.48561
303,183002198,8002028,13000,세천/새동네,3011012800,대전광역시,동구,세천동,X,36.336124,127.48619
304,183002201,8002030,13010,세천동,3011012800,대전광역시,동구,세천동,O,36.340477,127.49192
305,183002202,8002029,13020,세천동,3011012800,대전광역시,동구,세천동,O,36.34042,127.49213
306,183002204,8005560,13030,세정골,3011012800,대전광역시,동구,세천동,X,36.332264,127.49243
307,183002205,8002031,13040,대청동행정복지센터,3011012800,대전광역시,동구,세천동,O,36.342896,127.49263
308,183002206,8001447,13050,대청동주민센터,3011012800,대전광역시,동구,세천동,O,36.34334,127.49305
309,183002207,8003009,13070,세천삼거리,3011012800,대전광역시,동구,세천동,X,36.347694,127.4951
310,183002203,8005959,14240,세정골,3011012800,대전광역시,동구,세천동,X,36.332314,127.49233
311,183002200,8007043,14370,가는골입구,3011012800,대전광역시,동구,세천동,X,36.330944,127.486
312,183002199,8007044,14380,가는골입구,3011012800,대전광역시,동구,세천동,X,36.331093,127.48584
313,183002230,8002232,13060,오리골,3011012900,대전광역시,동구,신상동,X,36.349285,127.48779
314,183002232,8003010,13080,세천삼거리,3011012900,대전광역시,동구,신상동,X,36.348003,127.49565
315,183002236,8002201,13090,신상동,3011012900,대전광역시,동구,신상동,X,36.3438,127.50134
316,183002234,8001674,13100,바깥아감,3011012900,대전광역시,동구,신상동,O,36.353897,127.49858
317,183002235,8001673,13110,바깥아감,3011012900,대전광역시,동구,신상동,O,36.35365,127.498795
318,183002237,8005864,13200,안아감마을,3011012900,대전광역시,동구,신상동,X,36.353203,127.51595
319,183002233,8007158,14410,바깥아감,3011012900,대전광역시,동구,신상동,X,36.35206,127.49845
320,183002245,8002266,13120,요골,3011013000,대전광역시,동구,신하동,O,36.3569,127.4994
321,183002246,8002265,13130,요골,3011013000,대전광역시,동구,신하동,X,36.356995,127.49961
322,183002247,8001799,13140,비금마을,3011013000,대전광역시,동구,신하동,O,36.362263,127.50065
323,183002248,8001798,13150,비금마을,3011013000,대전광역시,동구,신하동,X,36.362183,127.50078
324,183002249,8002122,13160,신절골,3011013000,대전광역시,동구,신하동,X,36.365864,127.503334
325,183002250,8002123,13170,신절골,3011013000,대전광역시,동구,신하동,X,36.3657,127.50337
326,183002251,8001175,13180,구절골,3011013000,대전광역시,동구,신하동,O,36.36915,127.507225
327,183002252,8001174,13190,구절골,3011013000,대전광역시,동구,신하동,X,36.369045,127.50731
328,183002241,8002125,13210,신촌동,3011013100,대전광역시,동구,신촌동,X,36.372463,127.50994
329,183002242,8002124,13220,신촌동,3011013100,대전광역시,동구,신촌동,X,36.3722,127.51009
330,183002244,8007061,14390,국제금식기도원,3011013100,대전광역시,동구,신촌동,X,36.374973,127.513626
331,183002243,8007063,14400,국제금식기도원,3011013100,대전광역시,동구,신촌동,X,36.375027,127.51353
332,183002122,8001614,13230,모래재,3011013200,대전광역시,동구,사성동,X,36.38136,127.515526
333,183002123,8001613,13240,모래재,3011013200,대전광역시,동구,사성동,X,36.38123,127.51561
334,183002124,8001822,13250,사성동,3011013200,대전광역시,동구,사성동,X,36.386623,127.51896
335,183002125,8001821,13260,사성동,3011013200,대전광역시,동구,사성동,X,36.386387,127.51916
336,183002068,8005133,13270,방아실입구.와정리,3011013300,대전광역시,동구,내탑동,X,36.390972,127.53104
337,183002069,8005132,13280,방아실입구.와정리,3011013300,대전광역시,동구,내탑동,X,36.390873,127.531204
338,183002262,8002806,13290,토망대,3011013400,대전광역시,동구,오동,X,36.417072,127.53016
339,183002263,8002807,13300,토망대.오동,3011013400,대전광역시,동구,오동,X,36.416924,127.53055
340,183002264,8002226,13310,오동,3011013400,대전광역시,동구,오동,X,36.416,127.53332
341,183002265,8002225,13320,오동,3011013400,대전광역시,동구,오동,X,36.41605,127.533936
342,183002372,8002593,13330,주촌2구,3011013500,대전광역시,동구,주촌동,X,36.415653,127.53734
343,183002373,8002592,13340,주촌2구,3011013500,대전광역시,동구,주촌동,X,36.415596,127.53761
344,183002368,8002595,13350,주촌동,3011013500,대전광역시,동구,주촌동,X,36.397038,127.53184
345,183002369,8002594,13360,주촌동,3011013500,대전광역시,동구,주촌동,X,36.396904,127.5319
346,183002370,8002591,13370,주촌1구,3011013500,대전광역시,동구,주촌동,X,36.398964,127.533936
347,183002371,8002590,13380,주촌1구,3011013500,대전광역시,동구,주촌동,X,36.39872,127.534134
348,183002060,8001833,13390,산내주공아파트,3011013600,대전광역시,동구,낭월동,O,36.28429,127.466095
349,183002061,8001832,13400,산내주공아파트,3011013600,대전광역시,동구,낭월동,O,36.283302,127.46642
350,183002062,8005876,13410,석천들마을아파트,3011013600,대전광역시,동구,낭월동,O,36.27638,127.467415
351,183002065,8005877,13420,석천들마을아파트,3011013600,대전광역시,동구,낭월동,X,36.276493,127.46816
352,183002063,8001254,13430,e편한세상아파트,3011013600,대전광역시,동구,낭월동,O,36.281143,127.46756
353,183002064,8001253,13440,e편한세상아파트,3011013600,대전광역시,동구,낭월동,O,36.280586,127.46806
354,183002066,8001834,13450,산내초등학교,3011013600,대전광역시,동구,낭월동,O,36.278748,127.46878
355,183002067,8001835,13460,산내초등학교,3011013600,대전광역시,동구,낭월동,O,36.278145,127.46925
356,183002059,8001357,13680,오투그란데아파트,3011013600,대전광역시,동구,낭월동,O,36.287144,127.464775
357,183002109,8001358,13690,오투그란데아파트,3011013600,대전광역시,동구,낭월동,O,36.28764,127.464714
358,183002082,8002164,13470,안대별,3011013700,대전광역시,동구,대별동,X,36.286953,127.45505
359,183002083,8002163,13480,안대별,3011013700,대전광역시,동구,대별동,X,36.28701,127.45505
360,183002088,8002809,13490,토토자연학습원,3011013700,대전광역시,동구,대별동,X,36.285057,127.45818
361,183002089,8002810,13500,토토자연학습원,3011013700,대전광역시,동구,대별동,X,36.28513,127.45837
362,183002090,8002473,13510,이사동입구,3011013700,대전광역시,동구,대별동,O,36.287624,127.45926
363,183002091,8002472,13520,이사동입구,3011013700,대전광역시,동구,대별동,X,36.287796,127.45933
364,183002092,8001609,13530,면허시험장,3011013700,대전광역시,동구,대별동,X,36.28967,127.46193
365,183002093,8001610,13540,면허시험장,3011013700,대전광역시,동구,대별동,X,36.28984,127.46209
366,183002084,8005890,14150,대별동,3011013700,대전광역시,동구,대별동,X,36.27919,127.456856
367,183002085,8005891,14160,대별동,3011013700,대전광역시,동구,대별동,X,36.279118,127.45696
368,183002086,8007170,14440,감나무골입구,3011013700,대전광역시,동구,대별동,X,36.28203,127.45755
369,183002087,8007171,14450,감나무골입구,3011013700,대전광역시,동구,대별동,X,36.282116,127.457695
370,183002329,8002471,13560,이사동상사,3011013800,대전광역시,동구,이사동,X,36.281803,127.443146
371,183002332,8002469,13560,이사동,3011013800,대전광역시,동구,이사동,X,36.286053,127.446434
372,183002331,8002470,14290,이사동,3011013800,대전광역시,동구,이사동,X,36.286068,127.44632
373,183002333,8003085,14300,이사동하사,3011013800,대전광역시,동구,이사동,X,36.286423,127.448326
374,183002334,8003086,14310,이사동하사,3011013800,대전광역시,동구,이사동,X,36.286327,127.44834
375,183002094,8002832,10410,은어송초등학교,3011013900,대전광역시,동구,대성동,O,36.301514,127.45674
376,183002095,8005580,10450,은어송마을2단지,3011013900,대전광역시,동구,대성동,O,36.303528,127.45739
377,183002099,8005611,10460,은어송마을2단지,3011013900,대전광역시,동구,대성동,O,36.30254,127.45944
378,183002100,8002443,10480,남부여성가족원,3011013900,대전광역시,동구,대성동,O,36.30239,127.45967
379,183002096,8001467,13570,하늘채2차아파트,3011013900,대전광역시,동구,대성동,O,36.298443,127.45881
380,183002097,8001466,13580,은어송중학교입구,3011013900,대전광역시,동구,대성동,X,36.29937,127.458206
381,183002098,8001465,13590,은어송하늘채리버뷰,3011013900,대전광역시,동구,대성동,O,36.298847,127.45835
382,183002101,8001364,13600,대성삼거리,3011013900,대전광역시,동구,대성동,O,36.2963,127.45936
383,183002102,8001363,13610,대성삼거리,3011013900,대전광역시,동구,대성동,O,36.29606,127.4596
384,183002103,8001094,13620,고산사입구,3011013900,대전광역시,동구,대성동,O,36.296646,127.46001
385,183002104,8001095,13630,고산사입구,3011013900,대전광역시,동구,대성동,O,36.2969,127.460045
386,183002105,8001361,13640,대성동,3011013900,대전광역시,동구,대성동,X,36.29391,127.46147
387,183002106,8001362,13650,대성동,3011013900,대전광역시,동구,대성동,O,36.294106,127.461685
388,183002107,8002349,13660,운전면허시험장,3011013900,대전광역시,동구,대성동,O,36.29111,127.46269
389,183002108,8002350,13670,운전면허시험장,3011013900,대전광역시,동구,대성동,O,36.290543,127.46309
390,183002352,8002520,13700,장척동,3011014000,대전광역시,동구,장척동,X,36.255253,127.43597
391,183002353,8002519,13710,장척동,3011014000,대전광역시,동구,장척동,O,36.2553,127.43621
392,183002224,8002042,13720,소호2동,3011014100,대전광역시,동구,소호동,X,36.265137,127.4403
393,183002225,8002041,13730,소호2동,3011014100,대전광역시,동구,소호동,O,36.264996,127.44033
394,183002226,8002044,13740,소호동,3011014100,대전광역시,동구,소호동,X,36.264137,127.44959
395,183002227,8002043,13750,소호동,3011014100,대전광역시,동구,소호동,X,36.26409,127.44974
396,183002228,8002036,13760,소리.말미,3011014100,대전광역시,동구,소호동,X,36.267864,127.45189
397,183002229,8002035,13770,소리.말미,3011014100,대전광역시,동구,소호동,O,36.267746,127.452065
398,183002051,8005527,13780,남대전종합물류단지,3011014200,대전광역시,동구,구도동,O,36.272915,127.47184
399,183002052,8005528,13790,남대전종합물류단지,3011014200,대전광역시,동구,구도동,X,36.272728,127.47134
400,183002053,8001145,13800,구도동,3011014200,대전광역시,동구,구도동,X,36.273685,127.47303
401,183002054,8001144,13810,구도동,3011014200,대전광역시,동구,구도동,X,36.273636,127.47339
402,183002055,8005538,13820,낭월공영차고지,3011014200,대전광역시,동구,구도동,X,36.270203,127.47669
403,183002131,8002858,13830,하소룡골,3011014300,대전광역시,동구,삼괴동,X,36.242985,127.46105
404,183002132,8002034,13860,소룡골입구,3011014300,대전광역시,동구,삼괴동,O,36.244564,127.4736
405,183002133,8001864,13870,소룡골입구,3011014300,대전광역시,동구,삼괴동,O,36.244488,127.47372
406,183002134,8001110,13880,공주마을,3011014300,대전광역시,동구,삼괴동,X,36.252056,127.47736
407,183002135,8001111,13890,공주마을,3011014300,대전광역시,동구,삼괴동,O,36.252087,127.47752
408,183002136,8001865,13900,삼괴동/송촌마을,3011014300,대전광역시,동구,삼괴동,X,36.254787,127.47794
409,183002137,8001471,13910,삼괴동/송촌마을,3011014300,대전광역시,동구,삼괴동,X,36.254814,127.47807
410,183002139,8001470,13920,삼괴동/덕산마을,3011014300,대전광역시,동구,삼괴동,X,36.258083,127.47912
411,183002138,8001472,13930,삼괴동/덕산마을,3011014300,대전광역시,동구,삼괴동,X,36.25751,127.478935
412,183002126,8003122,14320,상소룡골,3011014300,대전광역시,동구,삼괴동,X,36.242847,127.45402
413,183002130,8002859,14330,하소룡골,3011014300,대전광역시,동구,삼괴동,X,36.24285,127.46102
414,183002182,8002082,13840,상소동산림욕장,3011014400,대전광역시,동구,상소동,X,36.23811,127.46818
415,183002183,8001901,13850,상소동산림욕장,3011014400,대전광역시,동구,상소동,X,36.238365,127.46839
416,183002476,8001862,13940,산흥초등학교,3011014400,대전광역시,동구,상소동,O,36.227905,127.44764
417,183002177,8001863,13950,산흥초등학교,3011014400,대전광역시,동구,상소동,X,36.228016,127.44788
418,183002178,8001899,13960,상소동(노인병원),3011014400,대전광역시,동구,상소동,O,36.229843,127.45482
419,183002179,8001900,13970,상소동(노인병원),3011014400,대전광역시,동구,상소동,O,36.230034,127.45492
420,183002180,8001858,13980,산정마을,3011014400,대전광역시,동구,상소동,O,36.234993,127.463135
421,183002181,8001859,13990,산정마을,3011014400,대전광역시,동구,상소동,O,36.23503,127.46331
422,183002174,8002698,14090,청소년수련원,3011014400,대전광역시,동구,상소동,X,36.226437,127.4451
423,183002475,8002699,14100,청소년수련원,3011014400,대전광역시,동구,상소동,O,36.226402,127.445244
424,183002435,8001006,14000,가목정마을,3011014500,대전광역시,동구,하소동,X,36.210876,127.438705
425,183002436,8001007,14010,가목정마을,3011014500,대전광역시,동구,하소동,X,36.210796,127.43885
426,183002437,8002856,14020,대전제2시립노인병원,3011014500,대전광역시,동구,하소동,X,36.21287,127.43957
427,183002439,8002853,14030,하소2통,3011014500,대전광역시,동구,하소동,O,36.2197,127.44092
428,183002440,8002852,14040,하소2통,3011014500,대전광역시,동구,하소동,O,36.21922,127.44099
429,183002442,8002855,14050,하소1통,3011014500,대전광역시,동구,하소동,O,36.223667,127.4429
430,183002443,8002854,14060,하소1통,3011014500,대전광역시,동구,하소동,O,36.223465,127.442986
431,183002441,8001601,14070,만인산공원,3011014500,대전광역시,동구,하소동,X,36.204174,127.44241
432,183002444,8001600,14080,만인산공원,3011014500,대전광역시,동구,하소동,X,36.20359,127.443375
433,183002445,8001602,14110,만인산휴양림,3011014500,대전광역시,동구,하소동,X,36.200634,127.44938
434,183002446,8001603,14120,만인산휴양림,3011014500,대전광역시,동구,하소동,X,36.20075,127.44946
435,183002438,8002857,14260,대전제2시립노인병원,3011014500,대전광역시,동구,하소동,X,36.212765,127.43957
436,184005309,8002633,20010,중앙로역8번출구,3014010100,대전광역시,중구,은행동,O,36.32979,127.42463
437,184005310,8002630,20030,중앙로역9번출구,3014010100,대전광역시,중구,은행동,O,36.329052,127.426544
438,184005311,8002627,20040,중앙로역1번출구,3014010100,대전광역시,중구,은행동,O,36.32884,127.42673
439,184005313,8002437,20050,으능정이거리,3014010100,대전광역시,중구,은행동,O,36.3291,127.427444
440,184005314,8005994,20060,으능정이거리,3014010100,대전광역시,중구,은행동,O,36.329636,127.42795
441,184005315,8001647,20070,으능정이거리,3014010100,대전광역시,중구,은행동,O,36.32934,127.42811
442,184005312,8002454,23250,으능정이거리,3014010100,대전광역시,중구,은행동,O,36.329296,127.42716
443,184005195,8002983,20080,호수돈여고,3014010200,대전광역시,중구,선화동,O,36.327415,127.41484
444,184005196,8002642,20090,중촌네거리,3014010200,대전광역시,중구,선화동,O,36.335857,127.41527
445,184005198,8002528,20100,목동더샵리슈빌,3014010200,대전광역시,중구,선화동,O,36.33311,127.41556
446,184005199,8002527,20110,은행선화동주민센터,3014010200,대전광역시,중구,선화동,O,36.332493,127.41676
447,184005200,8002637,20120,중앙초등학교,3014010200,대전광역시,중구,선화동,O,36.328724,127.416374
448,184005201,8001991,20130,선화동천주교회,3014010200,대전광역시,중구,선화동,O,36.335632,127.41735
449,184005202,8001990,20140,세명요양병원,3014010200,대전광역시,중구,선화동,O,36.33509,127.417625
450,184005203,8002638,20150,중구국민체육센터,3014010200,대전광역시,중구,선화동,O,36.329464,127.41839
451,184005205,8002605,20170,중구청역,3014010200,대전광역시,중구,선화동,O,36.3243,127.418655
452,184005208,8001405,20180,대전세무서,3014010200,대전광역시,중구,선화동,O,36.330883,127.419235
453,184005209,8001404,20200,대전세무서,3014010200,대전광역시,중구,선화동,O,36.330765,127.41955
454,184005210,8002729,20210,대전준법지원센터,3014010200,대전광역시,중구,선화동,O,36.328552,127.420425
455,184005211,8002730,20220,대전준법지원센터,3014010200,대전광역시,중구,선화동,O,36.328785,127.420654
456,184005212,8001409,20230,대전여상,3014010200,대전광역시,중구,선화동,O,36.332947,127.420784
457,184005213,8001442,20240,대종로네거리,3014010200,대전광역시,중구,선화동,O,36.334377,127.42098
458,184005214,8001408,20250,대전여상,3014010200,대전광역시,중구,선화동,O,36.33234,127.42104
459,184005215,8001441,20260,대종로네거리,3014010200,대전광역시,중구,선화동,O,36.334106,127.42106
460,184005216,8001874,20270,대전테크노파크,3014010200,대전광역시,중구,선화동,O,36.327652,127.42272
461,184005217,8002632,20280,중앙로역7번출구,3014010200,대전광역시,중구,선화동,O,36.330208,127.42367
462,184005218,8001875,20290,선화동우체국,3014010200,대전광역시,중구,선화동,O,36.328003,127.42371
463,184005219,8002330,20300,중앙로역6번출구,3014010200,대전광역시,중구,선화동,O,36.32823,127.42432
464,184005220,8002631,20310,중앙로역6번출구,3014010200,대전광역시,중구,선화동,O,36.328403,127.424774
465,184005206,8005946,23190,중구국민체육센터,3014010200,대전광역시,중구,선화동,O,36.329857,127.41893
466,184005204,8007042,23370,중구청역,3014010200,대전광역시,중구,선화동,O,36.324146,127.41843
467,184005065,8001636,20320,목양마을아파트후문,3014010300,대전광역시,중구,목동,X,36.33567,127.403465
468,184005069,8001635,20330,목양마을아파트,3014010300,대전광역시,중구,목동,O,36.334106,127.407425
469,184005068,8001627,20340,목동동대전농협,3014010300,대전광역시,중구,목동,X,36.33465,127.40737
470,184005071,8001980,20360,선병원,3014010300,대전광역시,중구,목동,O,36.33753,127.40931
471,184005072,8001359,20370,대성중고등학교,3014010300,대전광역시,중구,목동,O,36.33136,127.4099
472,184005073,8002726,20380,충남여자중고등학교,3014010300,대전광역시,중구,목동,O,36.33083,127.409966
473,184005074,8001360,20390,충남여중삼거리,3014010300,대전광역시,중구,목동,X,36.332115,127.41001
474,184005075,8002942,20400,한사랑아파트,3014010300,대전광역시,중구,목동,O,36.33327,127.412125
475,184005076,8001624,20410,목동네거리,3014010300,대전광역시,중구,목동,O,36.33376,127.412186
476,184005077,8001625,20420,목동네거리,3014010300,대전광역시,중구,목동,O,36.334953,127.4127
477,184005067,8003075,23280,목양초등학교,3014010300,대전광역시,중구,목동,X,36.33632,127.406296
478,184005066,8003076,23290,목양초등학교,3014010300,대전광역시,중구,목동,X,36.336227,127.406075
479,184005330,8002653,20430,중촌주공아파트,3014010400,대전광역시,중구,중촌동,X,36.339207,127.4075
480,184005331,8002652,20450,중촌주공3단지,3014010400,대전광역시,중구,중촌동,O,36.338833,127.40783
481,184005336,8001979,20460,선병원,3014010400,대전광역시,중구,중촌동,O,36.337505,127.40965
482,184005337,8002649,20470,중촌초등학교,3014010400,대전광역시,중구,중촌동,O,36.34149,127.410034
483,184005338,8002650,20480,중촌초등학교,3014010400,대전광역시,중구,중촌동,O,36.341076,127.41007
484,184005340,8002651,20490,중촌주공2단지,3014010400,대전광역시,중구,중촌동,O,36.34463,127.4113
485,184005341,8001626,20500,목동네거리,3014010400,대전광역시,중구,중촌동,O,36.335426,127.412254
486,184005342,8002636,20510,중앙중고등학교,3014010400,대전광역시,중구,중촌동,O,36.339115,127.413025
487,184005343,8002648,20520,중촌동주민센터,3014010400,대전광역시,중구,중촌동,O,36.338676,127.41313
488,184005344,8002641,20530,중촌네거리,3014010400,대전광역시,중구,중촌동,O,36.33596,127.41483
489,184005334,8007154,23510,중촌동과선교,3014010400,대전광역시,중구,중촌동,X,36.342884,127.40902
490,184005335,8002644,23680,중촌동과선교,3014010400,대전광역시,중구,중촌동,X,36.342793,127.409424
491,184005028,8002798,20540,테미삼거리,3014010500,대전광역시,중구,대흥동,O,36.31835,127.4186
492,184005029,8002000,20550,성모병원,3014010500,대전광역시,중구,대흥동,O,36.323353,127.41863
493,184005030,8002803,20560,테미삼거리,3014010500,대전광역시,중구,대흥동,O,36.318108,127.419106
494,184005031,8002001,20570,성모병원,3014010500,대전광역시,중구,대흥동,O,36.323917,127.41935
495,184005032,8002802,20580,대전광역시노인복지관,3014010500,대전광역시,중구,대흥동,O,36.320297,127.42004
496,184005033,8002801,20590,대전광역시노인복지관,3014010500,대전광역시,중구,대흥동,O,36.319736,127.4201
497,184005034,8002603,20600,중구청,3014010500,대전광역시,중구,대흥동,O,36.325672,127.42091
498,184005035,8001139,20610,성모오거리,3014010500,대전광역시,중구,대흥동,O,36.32343,127.421
499,184005036,8001302,20620,대고오거리,3014010500,대전광역시,중구,대흥동,O,36.323128,127.42219
500,184005038,8002602,20630,중구청,3014010500,대전광역시,중구,대흥동,O,36.32508,127.42239
501,184005037,8002888,20640,대고오거리,3014010500,대전광역시,중구,대흥동,O,36.324142,127.42239
502,184005039,8002887,20650,대고오거리,3014010500,대전광역시,중구,대흥동,O,36.323544,127.4229
503,184005040,8002620,20660,중부경찰서,3014010500,대전광역시,중구,대흥동,O,36.327515,127.42313
504,184005041,8002628,20680,중앙로역4번출구,3014010500,대전광역시,중구,대흥동,O,36.327847,127.42407
505,184005042,8001429,20690,대전중학교,3014010500,대전광역시,중구,대흥동,O,36.319958,127.42422
506,184005043,8001376,20700,대전고등학교,3014010500,대전광역시,중구,대흥동,O,36.322884,127.42433
507,184005044,8001428,20710,대전중학교,3014010500,대전광역시,중구,대흥동,O,36.320004,127.42453
508,184005045,8002629,20720,중앙로역4번출구,3014010500,대전광역시,중구,대흥동,O,36.32818,127.424965
509,184005046,8001748,20730,보문오거리,3014010500,대전광역시,중구,대흥동,O,36.318443,127.42512
510,184005047,8001747,20740,보문오거리,3014010500,대전광역시,중구,대흥동,O,36.318096,127.42571
511,184005048,8001461,20750,대흥동네거리,3014010500,대전광역시,중구,대흥동,O,36.323833,127.426285
512,184005049,8001464,20760,대흥동성당,3014010500,대전광역시,중구,대흥동,O,36.327034,127.42663
513,184005050,8001462,20770,대흥동네거리,3014010500,대전광역시,중구,대흥동,O,36.32383,127.42715
514,184005051,8001463,20780,대흥동성당,3014010500,대전광역시,중구,대흥동,O,36.326145,127.427505
515,184005052,8002252,20790,오토바이거리,3014010500,대전광역시,중구,대흥동,O,36.322025,127.42954
516,184005053,8002251,20800,오토바이거리,3014010500,대전광역시,중구,대흥동,O,36.321606,127.43011
517,184005054,8001385,20810,대흥교,3014010500,대전광역시,중구,대흥동,O,36.325264,127.43058
518,184005055,8001386,20820,대흥교,3014010500,대전광역시,중구,대흥동,O,36.325047,127.43089
519,184005083,8001387,20830,문창동보문교,3014010600,대전광역시,중구,문창동,O,36.320675,127.4347
520,184005084,8001791,20840,부사오거리,3014010600,대전광역시,중구,문창동,O,36.31339,127.43592
521,184005085,8001660,20850,문창시장,3014010600,대전광역시,중구,문창동,O,36.31454,127.43825
522,184005086,8001659,20860,문창시장,3014010600,대전광역시,중구,문창동,O,36.314327,127.43836
523,184005082,8007007,23360,문창동보문교,3014010600,대전광역시,중구,문창동,X,36.32028,127.43418
524,184005189,8001248,20870,동명중학교,3014010700,대전광역시,중구,석교동,O,36.311237,127.43911
525,184005190,8001247,20880,동명중학교,3014010700,대전광역시,중구,석교동,O,36.310787,127.43918
526,184005191,8001964,20890,석교동행정복지센터,3014010700,대전광역시,중구,석교동,O,36.309402,127.44198
527,184005192,8001963,20900,석교동행정복지센터,3014010700,대전광역시,중구,석교동,O,36.309025,127.443535
528,184005193,8001244,20910,석교치안센터,3014010700,대전광역시,중구,석교동,O,36.307796,127.44515
529,184005194,8001243,20920,석교치안센터,3014010700,대전광역시,중구,석교동,O,36.307575,127.44639
530,184005383,8002981,20930,호동,3014010800,대전광역시,중구,호동,O,36.3047,127.44925
531,184005384,8002980,20940,호동,3014010800,대전광역시,중구,호동,O,36.303894,127.45041
532,184005269,8002457,20950,은혜아파트,3014010900,대전광역시,중구,옥계동,O,36.301357,127.45215
533,184005270,8002456,20960,은혜아파트,3014010900,대전광역시,중구,옥계동,O,36.301216,127.452736
534,184005271,8002255,20970,옥계동,3014010900,대전광역시,중구,옥계동,O,36.298992,127.4542
535,184005273,8002254,20980,옥계동,3014010900,대전광역시,중구,옥계동,O,36.29909,127.454544
536,184005274,8002253,20990,옥계교,3014010900,대전광역시,중구,옥계동,O,36.297256,127.455696
537,184005019,8002800,20670,테미고개,3014011000,대전광역시,중구,대사동,O,36.318043,127.42363
538,184005010,8001356,21000,문화동하우스토리,3014011000,대전광역시,중구,대사동,O,36.31986,127.41597
539,184005011,8001355,21010,충대병원네거리,3014011000,대전광역시,중구,대사동,O,36.31889,127.41646
540,184005018,8002799,21020,테미고개,3014011000,대전광역시,중구,대사동,X,36.31779,127.42311
541,184005020,8001746,21030,보문오거리,3014011000,대전광역시,중구,대사동,O,36.317078,127.425064
542,184005024,8001245,21040,남대전고등학교,3014011000,대전광역시,중구,대사동,O,36.313843,127.42812
543,184005026,8002932,21050,한화생명이글스파크,3014011000,대전광역시,중구,대사동,O,36.3183,127.42844
544,184005025,8001246,21060,남대전고등학교,3014011000,대전광역시,중구,대사동,O,36.31431,127.42818
545,184005012,8001370,23120,대자연아파트,3014011000,대전광역시,중구,대사동,O,36.315353,127.41709
546,184005013,8005923,23130,대자연아파트,3014011000,대전광역시,중구,대사동,O,36.315403,127.41748
547,184005014,8005924,23180,충남대학병원동문,3014011000,대전광역시,중구,대사동,O,36.317757,127.41753
548,184005021,8005998,23260,보문오거리,3014011000,대전광역시,중구,대사동,O,36.31739,127.42518
549,184005015,8007001,23300,한화생명이글스파크,3014011000,대전광역시,중구,대사동,O,36.31807,127.42851
550,184005027,8007002,23310,보문산진입로,3014011000,대전광역시,중구,대사동,X,36.315628,127.42538
551,184005016,8007003,23320,보문산진입로,3014011000,대전광역시,중구,대사동,O,36.315903,127.42575
552,184005022,8007004,23330,보문산공원로,3014011000,대전광역시,중구,대사동,X,36.31366,127.42235
553,184005017,8007005,23340,보문산공원로,3014011000,대전광역시,중구,대사동,X,36.31354,127.42233
554,184005023,8007006,23350,보문산공원,3014011000,대전광역시,중구,대사동,X,36.312027,127.420395
555,184005129,8002697,21070,청란여자고등학교,3014011100,대전광역시,중구,부사동,O,36.313583,127.43115
556,184005128,8002696,21080,청란여자고등학교,3014011100,대전광역시,중구,부사동,O,36.313366,127.430954
557,184005130,8002743,21090,한밭종합운동장,3014011100,대전광역시,중구,부사동,O,36.31635,127.43282
558,184005131,8002744,21100,한밭종합운동장,3014011100,대전광역시,중구,부사동,O,36.317005,127.432846
559,184005132,8001790,21110,부사오거리,3014011100,대전광역시,중구,부사동,O,36.31336,127.43381
560,184005133,8001792,21120,부사오거리,3014011100,대전광역시,중구,부사동,O,36.31405,127.43449
561,184005134,8001789,21130,부사오거리,3014011100,대전광역시,중구,부사동,O,36.312645,127.43552
562,184005275,8005569,21140,어덕마을종점,3014011200,대전광역시,중구,용두동,O,36.33303,127.401726
563,184005276,8002200,21150,어덕마을종점,3014011200,대전광역시,중구,용두동,O,36.33308,127.40213
564,184005279,8002230,21160,오룡역5번출구,3014011200,대전광역시,중구,용두동,O,36.32997,127.40366
565,184005280,8001543,21170,오룡역6번출구,3014011200,대전광역시,중구,용두동,O,36.329334,127.40689
566,184005281,8002231,21180,오룡역7번출구,3014011200,대전광역시,중구,용두동,O,36.328983,127.40702
567,184005282,8001540,21190,중도일보,3014011200,대전광역시,중구,용두동,O,36.326393,127.408005
568,184005284,8001931,21200,서대전네거리역5번출구,3014011200,대전광역시,중구,용두동,O,36.324142,127.410805
569,184005283,8002274,21210,용두동주민센터,3014011200,대전광역시,중구,용두동,O,36.325027,127.41076
570,184005285,8001943,21220,서대전초등학교,3014011200,대전광역시,중구,용두동,O,36.324917,127.410934
571,184005286,8002982,21230,호수돈여고,3014011200,대전광역시,중구,용두동,O,36.32702,127.41235
572,184005197,8002734,21240,대전충남병무청,3014011200,대전광역시,중구,용두동,O,36.322998,127.41465
573,184005278,8003077,23240,목양마을아파트후문,3014011200,대전광역시,중구,용두동,X,36.33695,127.40358
574,184005254,8001542,21260,오룡역4번출구,3014011300,대전광역시,중구,오류동,O,36.32992,127.40309
575,184005253,8002781,21270,오류네거리,3014011300,대전광역시,중구,오류동,O,36.32699,127.40282
576,184005255,8002780,21280,오류네거리,3014011300,대전광역시,중구,오류동,O,36.32673,127.403206
577,184005256,8001541,21290,오룡역2번출구,3014011300,대전광역시,중구,오류동,O,36.328133,127.4042
578,184005257,8002228,21300,오룡역3번출구,3014011300,대전광역시,중구,오류동,O,36.328373,127.403854
579,184005262,8002784,21310,오류초등학교입구,3014011300,대전광역시,중구,오류동,X,36.326538,127.40423
580,184005259,8002785,21320,오류초등학교입구,3014011300,대전광역시,중구,오류동,X,36.32637,127.40397
581,184005258,8002229,21330,오룡역4번출구,3014011300,대전광역시,중구,오류동,O,36.32908,127.40408
582,184005260,8001937,21340,서대전역,3014011300,대전광역시,중구,오류동,O,36.323532,127.404526
583,184005261,8001936,21350,서대전역,3014011300,대전광역시,중구,오류동,O,36.3227,127.40459
584,184005263,8002227,21370,오룡역1번출구,3014011300,대전광역시,중구,오류동,O,36.32742,127.40632
585,184005264,8001935,21380,서대전역네거리,3014011300,대전광역시,중구,오류동,O,36.321037,127.4069
586,184005265,8002748,21390,중도일보,3014011300,대전광역시,중구,오류동,O,36.326077,127.40773
587,184005266,8001928,21400,서대전네거리역4번출구,3014011300,대전광역시,중구,오류동,O,36.324894,127.409225
588,184005268,8001929,21410,서대전네거리역3번출구,3014011300,대전광역시,중구,오류동,O,36.322006,127.4105
589,184005359,8001715,21420,버드내아파트,3014011400,대전광역시,중구,태평동,O,36.316006,127.38748
590,184005360,8002786,21430,삼부/새롬아파트,3014011400,대전광역시,중구,태평동,O,36.322155,127.38996
591,184005361,8001718,21440,버드내2단지,3014011400,대전광역시,중구,태평동,O,36.32182,127.39009
592,184005362,8001717,21450,버드내아파트,3014011400,대전광역시,중구,태평동,O,36.319447,127.392235
593,184005363,8002793,21460,태평오거리,3014011400,대전광역시,중구,태평동,O,36.326553,127.39286
594,184005364,8002790,21470,태평오거리,3014011400,대전광역시,중구,태평동,O,36.326183,127.39304
595,184005366,8001869,21480,삼부아파트,3014011400,대전광역시,중구,태평동,O,36.32371,127.393845
596,184005365,8001868,21490,삼부아파트,3014011400,대전광역시,중구,태평동,O,36.322933,127.39383
597,184005368,8002791,21510,태평오거리,3014011400,대전광역시,중구,태평동,X,36.326595,127.39499
598,184005369,8002788,21520,태평시장,3014011400,대전광역시,중구,태평동,O,36.324688,127.395035
599,184005371,8002789,21530,태평시장,3014011400,대전광역시,중구,태평동,O,36.324833,127.395294
600,184005370,8002792,21540,태평오거리,3014011400,대전광역시,중구,태평동,O,36.32652,127.39526
601,184005375,8002778,21550,태평1동주민센터,3014011400,대전광역시,중구,태평동,O,36.326595,127.397446
602,184005372,8001630,21560,태평중학교,3014011400,대전광역시,중구,태평동,X,36.32979,127.3965
603,184005374,8002787,21570,태평중학교,3014011400,대전광역시,중구,태평동,X,36.32976,127.3968
604,184005373,8002779,21580,태평1동주민센터,3014011400,대전광역시,중구,태평동,O,36.326122,127.3967
605,184005377,8002795,21590,쌍용예가아파트,3014011400,대전광역시,중구,태평동,O,36.32281,127.398125
606,184005376,8002388,21600,유등마을아파트,3014011400,대전광역시,중구,태평동,O,36.33077,127.397995
607,184005378,8002387,21610,유등마을아파트,3014011400,대전광역시,중구,태평동,O,36.330563,127.39835
608,184005379,8002845,21620,푸른뫼아파트,3014011400,대전광역시,중구,태평동,O,36.32847,127.39888
609,184005380,8002844,21630,푸른뫼아파트,3014011400,대전광역시,중구,태평동,O,36.328323,127.39927
610,184005381,8001939,21640,서대전역입구,3014011400,대전광역시,중구,태평동,O,36.32497,127.40029
611,184005382,8001938,21650,서대전역입구,3014011400,대전광역시,중구,태평동,O,36.325096,127.40055
612,184005357,8005952,23210,버드내아파트,3014011400,대전광역시,중구,태평동,X,36.31661,127.38671
613,184005358,8005951,23220,파라곤아파트,3014011400,대전광역시,중구,태평동,O,36.320885,127.38693
614,184005367,8002797,21500,태평초등학교,3014011500,대전광역시,중구,유천동,O,36.321724,127.39432
615,184005289,8001956,21660,서남부터미널기점,3014011500,대전광역시,중구,유천동,X,36.314888,127.387314
616,184005291,8001714,21680,버드내아파트,3014011500,대전광역시,중구,유천동,O,36.31583,127.38794
617,184005293,8001953,21690,서부종합시장,3014011500,대전광역시,중구,유천동,O,36.31545,127.39004
618,184005294,8001954,21700,서부종합시장,3014011500,대전광역시,중구,유천동,O,36.315086,127.39017
619,184005295,8001716,21710,버드내아파트,3014011500,대전광역시,중구,유천동,O,36.31863,127.392265
620,184005296,8001948,21720,버드내네거리,3014011500,대전광역시,중구,유천동,O,36.317017,127.39268
621,184005297,8001855,21730,산성우성아파트,3014011500,대전광역시,중구,유천동,O,36.311466,127.39393
622,184005298,8002796,21740,태평초등학교,3014011500,대전광역시,중구,유천동,O,36.32149,127.39439
623,184005299,8002432,21750,유천동서대전농협,3014011500,대전광역시,중구,유천동,O,36.317894,127.394745
624,184005300,8002430,21760,유천네거리,3014011500,대전광역시,중구,유천동,O,36.32074,127.396484
625,184005301,8002434,21770,유천시장,3014011500,대전광역시,중구,유천동,O,36.31803,127.396645
626,184005302,8002431,21780,유천네거리,3014011500,대전광역시,중구,유천동,O,36.32079,127.39676
627,184005303,8002429,21790,유천2동주민센터,3014011500,대전광역시,중구,유천동,O,36.316727,127.3979
628,184005304,8002794,21800,쌍용예가아파트,3014011500,대전광역시,중구,유천동,O,36.322586,127.39824
629,184005305,8002428,21810,유천2동주민센터,3014011500,대전광역시,중구,유천동,O,36.316223,127.39834
630,184005306,8002433,21820,유천동현대아파트,3014011500,대전광역시,중구,유천동,O,36.318836,127.39835
631,184005307,8001669,21830,문화초등학교,3014011500,대전광역시,중구,유천동,O,36.31273,127.398796
632,184005308,8001940,21840,서대전육교,3014011500,대전광역시,중구,유천동,O,36.31901,127.40052
633,184005288,8003104,3104,서부터미널기점,3014011500,대전광역시,중구,유천동,X,36.31511,127.38712
634,184005087,8002601,21850,중구보건소,3014011600,대전광역시,중구,문화동,O,36.308167,127.39578
635,184005188,8002600,21860,중구보건소,3014011600,대전광역시,중구,문화동,O,36.308456,127.39575
636,184005088,8001668,21870,문화초등학교,3014011600,대전광역시,중구,문화동,O,36.312126,127.39726
637,184005089,8001664,21880,문화동주공아파트,3014011600,대전광역시,중구,문화동,O,36.31006,127.39845
638,184005090,8001665,21890,문화동주공아파트,3014011600,대전광역시,중구,문화동,O,36.31043,127.39953
639,184005091,8001666,21900,문화육교,3014011600,대전광역시,중구,문화동,O,36.312916,127.4001
640,184005092,8001354,21910,대문초등학교입구,3014011600,대전광역시,중구,문화동,O,36.305977,127.40072
641,184005093,8001353,21920,대문초등학교입구,3014011600,대전광역시,중구,문화동,O,36.305733,127.40117
642,184005094,8001663,21930,문화동.주공3단지후문,3014011600,대전광역시,중구,문화동,X,36.310715,127.401436
643,184005096,8001667,21940,문화주공삼거리,3014011600,대전광역시,중구,문화동,X,36.31089,127.40147
644,184005095,8002718,21950,충남기계공고,3014011600,대전광역시,중구,문화동,O,36.31178,127.40145
645,184005097,8002719,21960,충남기계공고,3014011600,대전광역시,중구,문화동,O,36.31246,127.402214
646,184005098,8002686,21970,천근오거리,3014011600,대전광역시,중구,문화동,X,36.309452,127.403206
647,184005099,8002685,21980,천근오거리,3014011600,대전광역시,중구,문화동,X,36.3093,127.403275
648,184005100,8001539,21990,동산중고등학교,3014011600,대전광역시,중구,문화동,O,36.31461,127.40472
649,184005101,8001538,22000,동산중고등학교,3014011600,대전광역시,중구,문화동,O,36.314426,127.40493
650,184005102,8001662,22010,문화2동,3014011600,대전광역시,중구,문화동,O,36.3067,127.40576
651,184005104,8005646,22020,문화동삼익아파트,3014011600,대전광역시,중구,문화동,O,36.318707,127.406296
652,184005103,8001661,22030,문화2동,3014011600,대전광역시,중구,문화동,O,36.307014,127.40628
653,184005105,8001934,22040,서대전역네거리,3014011600,대전광역시,중구,문화동,O,36.320564,127.406425
654,184005106,8002927,22050,한밭도서관,3014011600,대전광역시,중구,문화동,O,36.3095,127.4071
655,184005108,8002926,22060,한밭도서관,3014011600,대전광역시,중구,문화동,O,36.30937,127.40727
656,184005107,8005562,22070,센트럴파크1단지,3014011600,대전광역시,중구,문화동,O,36.316402,127.40724
657,184005109,8005561,22080,센트럴파크1단지,3014011600,대전광역시,중구,문화동,O,36.3169,127.407295
658,184005111,8001411,22090,대전국제통상고,3014011600,대전광역시,중구,문화동,O,36.313187,127.40823
659,184005110,8002878,22100,한국산업인력공단,3014011600,대전광역시,중구,문화동,O,36.31085,127.40816
660,184005112,8002925,22110,한밭도서관,3014011600,대전광역시,중구,문화동,O,36.30991,127.40835
661,184005113,8001410,22120,대전국제통상고,3014011600,대전광역시,중구,문화동,O,36.313187,127.408516
662,184005115,8002033,22130,센트럴파크2단지,3014011600,대전광역시,중구,문화동,O,36.31631,127.409584
663,184005114,8002032,22140,센트럴파크2단지,3014011600,대전광역시,중구,문화동,O,36.31571,127.40874
664,184005267,8001927,22150,서대전네거리역2번출구,3014011600,대전광역시,중구,문화동,O,36.321434,127.409584
665,184005116,8005526,22160,과례마을,3014011600,대전광역시,중구,문화동,X,36.311428,127.410805
666,184005117,8001112,22170,과례마을,3014011600,대전광역시,중구,문화동,O,36.31142,127.41096
667,184005118,8005586,22180,대전동부교육지원청,3014011600,대전광역시,중구,문화동,X,36.314106,127.41113
668,184005119,8002747,22190,대전동부교육지원청,3014011600,대전광역시,중구,문화동,O,36.31403,127.41129
669,184005124,8002724,22210,충남대학교병원,3014011600,대전광역시,중구,문화동,O,36.317802,127.41348
670,184005122,8002723,22220,충남대학교병원,3014011600,대전광역시,중구,문화동,O,36.31751,127.413574
671,184005123,8001930,22230,서대전네거리역1번출구,3014011600,대전광역시,중구,문화동,O,36.321213,127.41367
672,184005127,8002733,22250,대전충남병무청,3014011600,대전광역시,중구,문화동,O,36.322647,127.41511
673,184005121,8002928,23140,한밭도서관후문,3014011600,대전광역시,중구,문화동,O,36.310387,127.41142
674,184005120,8005922,23150,한밭도서관후문,3014011600,대전광역시,중구,문화동,O,36.31012,127.41141
675,184005125,8005977,23230,홀트아동복지회관,3014011600,대전광역시,중구,문화동,O,36.313026,127.41435
676,184005171,8003105,21670,서남부터미널종점,3014011700,대전광역시,중구,산성동,X,36.31194,127.38778
677,184005165,8002915,22260,한밭가든아파트,3014011700,대전광역시,중구,산성동,O,36.30437,127.3835
678,184005166,8002916,22270,한밭가든아파트,3014011700,대전광역시,중구,산성동,O,36.304638,127.384636
679,184005167,8001847,22280,산성네거리,3014011700,대전광역시,중구,산성동,O,36.303757,127.386055
680,184005168,8001846,22290,산성네거리,3014011700,대전광역시,중구,산성동,O,36.30329,127.386314
681,184005169,8001851,22300,산성동행정복지센터,3014011700,대전광역시,중구,산성동,O,36.30615,127.38652
682,184005170,8001852,22310,산성시장,3014011700,대전광역시,중구,산성동,O,36.306076,127.38686
683,184005172,8001484,22320,머티네거리,3014011700,대전광역시,중구,산성동,O,36.309193,127.38768
684,184005173,8001853,22330,산성시장,3014011700,대전광역시,중구,산성동,O,36.305336,127.38817
685,184005174,8001848,22340,산성시장,3014011700,대전광역시,중구,산성동,O,36.305172,127.388626
686,184005175,8001485,22350,머티네거리,3014011700,대전광역시,중구,산성동,O,36.3101,127.38872
687,184005176,8001486,22360,머티네거리,3014011700,대전광역시,중구,산성동,O,36.31141,127.38883
688,184005178,8001955,22370,서남부터미널,3014011700,대전광역시,중구,산성동,O,36.312706,127.389
689,184005179,8001653,22380,문성초등학교입구,3014011700,대전광역시,중구,산성동,O,36.3103,127.390205
690,184005180,8001654,22390,문성초등학교입구,3014011700,대전광역시,중구,산성동,O,36.310802,127.39131
691,184005181,8001849,22400,산성동새마을회관,3014011700,대전광역시,중구,산성동,O,36.306236,127.39183
692,184005182,8001850,22410,산성동새마을회관,3014011700,대전광역시,중구,산성동,O,36.306515,127.392075
693,184005183,8002764,22420,탑골입구,3014011700,대전광역시,중구,산성동,O,36.305153,127.39357
694,184005184,8001854,22430,산성우성아파트,3014011700,대전광역시,중구,산성동,O,36.311142,127.3937
695,184005185,8001750,22440,보성초등학교,3014011700,대전광역시,중구,산성동,O,36.30538,127.39416
696,184005186,8007033,23470,보성네거리,3014011700,대전광역시,중구,산성동,X,36.30357,127.39426
697,184005187,8007032,23480,보성네거리,3014011700,대전광역시,중구,산성동,X,36.304214,127.39427
698,184005135,8002329,22500,우남스타원아파트,3014011800,대전광역시,중구,사정동,O,36.29316,127.38268
699,184005138,8005916,22510,사정교,3014011800,대전광역시,중구,사정동,X,36.29575,127.38379
700,184005136,8002328,22520,우남스타원아파트,3014011800,대전광역시,중구,사정동,O,36.293278,127.383125
701,184005137,8005915,22530,사정교,3014011800,대전광역시,중구,사정동,O,36.295982,127.38366
702,184005139,8001828,22550,사정동,3014011800,대전광역시,중구,사정동,O,36.29794,127.38467
703,184005140,8001827,22560,사정동,3014011800,대전광역시,중구,사정동,O,36.297787,127.38488
704,184005141,8001856,22570,산성초등학교,3014011800,대전광역시,중구,사정동,O,36.300503,127.3855
705,184005142,8001857,22580,산성초등학교,3014011800,대전광역시,중구,사정동,O,36.300632,127.385826
706,184005143,8001436,22590,산성어린이도서관,3014011800,대전광역시,중구,사정동,X,36.295742,127.38675
707,184005144,8001437,22600,산성어린이도서관,3014011800,대전광역시,중구,사정동,O,36.295925,127.38716
708,184005145,8001522,22610,오월드회전교차로,3014011800,대전광역시,중구,사정동,X,36.291527,127.38817
709,184005146,8001523,22620,오월드회전교차로,3014011800,대전광역시,중구,사정동,X,36.29127,127.38825
710,184005147,8001894,22630,상당,3014011800,대전광역시,중구,사정동,X,36.294476,127.38923
711,184005148,8001895,22640,상당,3014011800,대전광역시,중구,사정동,O,36.294456,127.38949
712,184005153,8001393,22650,오월드,3014011800,대전광역시,중구,사정동,O,36.290104,127.39497
713,184005162,8007157,22740,오월드기점지,3014011800,대전광역시,중구,사정동,X,36.292747,127.3995
714,184005156,8007031,23380,오월드,3014011800,대전광역시,중구,사정동,X,36.290077,127.39558
715,184005160,8007041,23390,윗사정삼거리,3014011800,대전광역시,중구,사정동,X,36.29263,127.39815
716,184005159,8007040,23400,윗사정삼거리,3014011800,대전광역시,중구,사정동,X,36.29278,127.397995
717,184005164,8007039,23410,백골저수지,3014011800,대전광역시,중구,사정동,X,36.2957,127.39987
718,184005163,8007038,23420,백골저수지,3014011800,대전광역시,중구,사정동,X,36.295815,127.399704
719,184005154,8007037,23430,대전보훈공원입구,3014011800,대전광역시,중구,사정동,X,36.2983,127.395065
720,184005152,8007036,23440,대전보훈공원입구,3014011800,대전광역시,중구,사정동,X,36.298214,127.39468
721,184005150,8007035,23450,백골삼거리,3014011800,대전광역시,중구,사정동,X,36.300045,127.393295
722,184005149,8007034,23460,백골삼거리,3014011800,대전광역시,중구,사정동,X,36.300137,127.39298
723,184005232,8001812,22450,효문화마을입구,3014011900,대전광역시,중구,안영동,X,36.286552,127.37853
724,184005236,8001281,22460,농산물유통센터,3014011900,대전광역시,중구,안영동,O,36.28877,127.38014
725,184005237,8001280,22470,농산물유통센터,3014011900,대전광역시,중구,안영동,O,36.28847,127.380196
726,184005238,8002682,22480,한국효문화진흥원,3014011900,대전광역시,중구,안영동,X,36.285282,127.3804
727,184005241,8002683,22490,한국효문화진흥원,3014011900,대전광역시,중구,안영동,X,36.284946,127.381836
728,184005242,8002509,22540,효문화마을/뿌리공원,3014011900,대전광역시,중구,안영동,O,36.28538,127.38376
729,184005223,8002937,22660,한빛고교,3014011900,대전광역시,중구,안영동,O,36.28315,127.37609
730,184005222,8002938,22670,한빛고교,3014011900,대전광역시,중구,안영동,O,36.28324,127.37591
731,184005225,8002171,22680,안영생활체육단지,3014011900,대전광역시,중구,안영동,O,36.28519,127.376335
732,184005227,8002172,22690,안영생활체육단지,3014011900,대전광역시,중구,안영동,O,36.285152,127.37655
733,184005228,8002173,22700,안영동검바위마을,3014011900,대전광역시,중구,안영동,X,36.27322,127.3772
734,184005230,8002174,22710,안영동검바위마을,3014011900,대전광역시,중구,안영동,X,36.273804,127.37731
735,184005231,8001811,22720,효문화마을입구,3014011900,대전광역시,중구,안영동,X,36.28638,127.3783
736,184005234,8001918,22730,샛고개,3014011900,대전광역시,중구,안영동,X,36.27125,127.37905
737,184005233,8001917,23520,샛고개,3014011900,대전광역시,중구,안영동,X,36.271008,127.37876
738,184005158,8001524,22750,동물원종점,3014012000,대전광역시,중구,무수동,X,36.289665,127.396614
739,184005079,8005626,23530,무수동입구,3014012000,대전광역시,중구,무수동,X,36.27708,127.402275
740,184005078,8005625,23540,무수동입구,3014012000,대전광역시,중구,무수동,X,36.27715,127.40226
741,184005080,8005628,23550,무수동,3014012000,대전광역시,중구,무수동,X,36.276955,127.40685
742,184005081,8005627,23560,무수동,3014012000,대전광역시,중구,무수동,X,36.276924,127.40698
743,184005004,8005529,22780,구완동,3014012100,대전광역시,중구,구완동,X,36.27941,127.424706
744,184005002,8003064,23570,구완2교,3014012100,대전광역시,중구,구완동,X,36.27742,127.4217
745,184005001,8003065,3065,구완2교,3014012100,대전광역시,중구,구완동,X,36.277573,127.42152
746,184005353,8002750,22760,침산동입구,3014012200,대전광역시,중구,침산동,X,36.277416,127.39842
747,184005354,8005889,22760,침산동입구,3014012200,대전광역시,중구,침산동,X,36.277317,127.39847
748,184005355,8002751,22770,침산동입구,3014012200,대전광역시,중구,침산동,O,36.277416,127.39857
749,184005348,8005641,22790,대전청소년수련마을,3014012200,대전광역시,중구,침산동,X,36.270885,127.39305
750,184005345,8070033,23490,보문산교통광장,3014012200,대전광역시,중구,침산동,X,36.287434,127.39129
751,184005346,8070034,23500,보문산교통광장,3014012200,대전광역시,중구,침산동,X,36.28766,127.39131
752,184005056,8001843,22840,중구체육복지센터,3014012300,대전광역시,중구,목달동,X,36.275246,127.400246
753,184005057,8001844,22850,중구체육복지센터,3014012300,대전광역시,중구,목달동,X,36.27535,127.400375
754,184005058,8001622,22860,목달동,3014012300,대전광역시,중구,목달동,X,36.271717,127.40086
755,184005059,8001623,22870,목달동,3014012300,대전광역시,중구,목달동,X,36.27171,127.40101
756,184005064,8001845,22910,산서초등학교,3014012300,대전광역시,중구,목달동,X,36.26677,127.40827
757,184005316,8002564,22800,정생농협창고,3014012400,대전광역시,중구,정생동,X,36.258553,127.39826
758,184005317,8002565,22810,정생농협창고,3014012400,대전광역시,중구,정생동,X,36.258682,127.39835
759,184005318,8002560,22820,정생1동,3014012400,대전광역시,중구,정생동,X,36.256115,127.39937
760,184005319,8002561,22830,정생1동,3014012400,대전광역시,중구,정생동,O,36.256176,127.3995
761,184005320,8002998,22880,화곡,3014012400,대전광역시,중구,정생동,X,36.25397,127.40135
762,184005321,8002999,22890,화곡,3014012400,대전광역시,중구,정생동,X,36.254017,127.40158
763,184005327,8002563,22900,정생2동,3014012400,대전광역시,중구,정생동,X,36.25081,127.40685
764,184005325,8001300,22940,답적골,3014012400,대전광역시,중구,정생동,X,36.24613,127.40583
765,184005324,8001301,22950,답적골,3014012400,대전광역시,중구,정생동,X,36.24609,127.40576
766,184005326,8002562,22960,정생2동,3014012400,대전광역시,중구,정생동,X,36.25069,127.40671
767,184005328,8001816,22970,사기정골,3014012400,대전광역시,중구,정생동,X,36.24791,127.41037
768,184005329,8001815,22980,사기정골,3014012400,대전광역시,중구,정생동,X,36.248024,127.410484
769,184005244,8001480,22990,도리뫼,3014012500,대전광역시,중구,어남동,X,36.2329,127.407585
770,184005245,8001481,23000,도리뫼,3014012500,대전광역시,중구,어남동,X,36.232903,127.407745
771,184005246,8002194,23010,어남동,3014012500,대전광역시,중구,어남동,X,36.21299,127.41244
772,184005247,8002199,23020,어남동,3014012500,대전광역시,중구,어남동,X,36.212914,127.41247
773,184005248,8002197,23030,증터,3014012500,대전광역시,중구,어남동,X,36.22241,127.416504
774,184005249,8002198,23040,증터,3014012500,대전광역시,중구,어남동,X,36.22247,127.41655
775,184005250,8002876,23050,한국무예연수원,3014012500,대전광역시,중구,어남동,X,36.21808,127.41758
776,184005251,8002877,23060,한국무예연수원,3014012500,대전광역시,중구,어남동,X,36.218197,127.417595
777,184005005,8001616,23070,모랭이,3014012600,대전광역시,중구,금동,O,36.244854,127.421906
778,184005006,8001615,23080,모랭이,3014012600,대전광역시,중구,금동,O,36.24494,127.422035
779,184005007,8001216,23090,금동마을,3014012600,대전광역시,중구,금동,X,36.24563,127.42637
780,184005008,8001215,23100,금동마을,3014012600,대전광역시,중구,금동,X,36.245693,127.42619
781,184005009,8001214,23110,금동,3014012600,대전광역시,중구,금동,X,36.245865,127.42811
782,185003334,8005935,23160,안복수길,3017010100,대전광역시,서구,복수동,X,36.29668,127.37679
783,185003335,8005934,23170,안복수길,3017010100,대전광역시,서구,복수동,O,36.29677,127.37684
784,185003325,8002979,30010,대전과학기술대학교,3017010100,대전광역시,서구,복수동,X,36.304924,127.37279
785,185003326,8002978,30020,계룡아파트,3017010100,대전광역시,서구,복수동,O,36.305378,127.37292
786,185003327,8002977,30030,대전과학기술대학교,3017010100,대전광역시,서구,복수동,O,36.304604,127.373245
787,185003328,8001755,30040,복수자이아파트,3017010100,대전광역시,서구,복수동,O,36.30566,127.37295
788,185003329,8002976,30050,대전과학기술대학교,3017010100,대전광역시,서구,복수동,O,36.30437,127.37378
789,185003330,8001648,30060,목화아파트,3017010100,대전광역시,서구,복수동,O,36.307755,127.373795
790,185003331,8001947,30070,서부경찰서,3017010100,대전광역시,서구,복수동,O,36.309406,127.37388
791,185003333,8005913,30080,초록마을5단지,3017010100,대전광역시,서구,복수동,X,36.29839,127.37611
792,185003332,8005585,30090,초록마을5단지,3017010100,대전광역시,서구,복수동,O,36.298176,127.375946
793,185003336,8002706,30100,초록마을네거리,3017010100,대전광역시,서구,복수동,X,36.299213,127.37852
794,185003337,8001754,30110,신계초등학교,3017010100,대전광역시,서구,복수동,X,36.302746,127.37871
795,185003339,8002705,30120,초록마을3단지,3017010100,대전광역시,서구,복수동,O,36.300117,127.37878
796,185003341,8002708,30130,초록마을1단지,3017010100,대전광역시,서구,복수동,O,36.30444,127.379395
797,185003343,8002707,30140,초록마을1단지,3017010100,대전광역시,서구,복수동,O,36.30422,127.37948
798,185003342,8005914,30150,복수동사정교,3017010100,대전광역시,서구,복수동,O,36.297802,127.37948
799,185003344,8070007,34850,복수동사정교,3017010100,대전광역시,서구,복수동,O,36.29722,127.38001
800,185003340,8005640,34920,신계초등학교,3017010100,대전광역시,서구,복수동,O,36.302807,127.37894
801,185003308,8001646,30180,목운주택입구,3017010200,대전광역시,서구,변동,O,36.32881,127.37041
802,185003309,8001645,30190,목운주택입구,3017010200,대전광역시,서구,변동,O,36.32876,127.370575
803,185003310,8001260,30200,내동중학교,3017010200,대전광역시,서구,변동,O,36.331726,127.37101
804,185003311,8001261,30210,내동중학교,3017010200,대전광역시,서구,변동,O,36.331684,127.37121
805,185003313,8001255,30220,봉산중학교입구,3017010200,대전광역시,서구,변동,O,36.32952,127.37572
806,185003312,8001258,30230,내동네거리,3017010200,대전광역시,서구,변동,O,36.329857,127.37566
807,185003314,8005910,30240,변전소네거리,3017010200,대전광역시,서구,변동,X,36.32936,127.375946
808,185003315,8002965,30250,향우네거리,3017010200,대전광역시,서구,변동,O,36.32283,127.377975
809,185003316,8002966,30260,향우네거리,3017010200,대전광역시,서구,변동,O,36.32258,127.37826
810,185003317,8001730,30270,변동네거리,3017010200,대전광역시,서구,변동,O,36.325027,127.37868
811,185003318,8001263,30280,내동초등학교,3017010200,대전광역시,서구,변동,O,36.32981,127.37877
812,185003319,8001731,30290,변동네거리,3017010200,대전광역시,서구,변동,O,36.326347,127.37991
813,185003320,8001734,30310,변동시장,3017010200,대전광역시,서구,변동,O,36.32485,127.380684
814,185003321,8001735,30320,변동오거리,3017010200,대전광역시,서구,변동,O,36.32819,127.380714
815,185003322,8001733,30330,변동시장,3017010200,대전광역시,서구,변동,X,36.324955,127.381134
816,185003323,8001738,30340,변동초등학교,3017010200,대전광역시,서구,변동,O,36.32385,127.38377
817,185003324,8001739,30350,변동초등학교,3017010200,대전광역시,서구,변동,X,36.32404,127.38392
818,185003029,8005920,30360,변동복개도로,3017010200,대전광역시,서구,변동,O,36.328163,127.383804
819,185003033,8070005,34830,가장교오거리,3017010200,대전광역시,서구,변동,O,36.327843,127.38591
820,185003156,8005947,30370,경남아파트,3017010300,대전광역시,서구,도마동,X,36.322433,127.36838
821,185003157,8005948,30400,경남아파트,3017010300,대전광역시,서구,도마동,X,36.32261,127.369026
822,185003159,8001707,30410,배재대학교,3017010300,대전광역시,서구,도마동,O,36.32197,127.37009
823,185003160,8001368,30420,대아아파트,3017010300,대전광역시,서구,도마동,O,36.32571,127.37023
824,185003161,8002831,30430,배재대학교,3017010300,대전광역시,서구,도마동,O,36.322803,127.37046
825,185003162,8002585,30440,대전지방조달청,3017010300,대전광역시,서구,도마동,O,36.32009,127.37049
826,185003164,8001084,30450,경남아파트,3017010300,대전광역시,서구,도마동,O,36.32058,127.37065
827,185003165,8001932,30460,서대전여고,3017010300,대전광역시,서구,도마동,O,36.326725,127.37098
828,185003166,8001763,30470,복음양지아파트,3017010300,대전광역시,서구,도마동,O,36.316467,127.37121
829,185003167,8001762,30480,복음양지아파트,3017010300,대전광역시,서구,도마동,O,36.31646,127.37135
830,185003168,8002545,30490,서부소방서,3017010300,대전광역시,서구,도마동,O,36.31025,127.37238
831,185003169,8002582,30500,도마중학교,3017010300,대전광역시,서구,도마동,X,36.319347,127.37298
832,185003170,8001708,30510,제일고등학교,3017010300,대전광역시,서구,도마동,O,36.315075,127.373375
833,185003171,8001495,30520,도마중학교,3017010300,대전광역시,서구,도마동,O,36.317863,127.37342
834,185003172,8001709,30530,배재시장,3017010300,대전광역시,서구,도마동,O,36.31704,127.373566
835,185003173,8001197,30540,귀빈장네거리,3017010300,대전광역시,서구,도마동,O,36.3216,127.373566
836,185003174,8001496,30550,도마중학교,3017010300,대전광역시,서구,도마동,X,36.31978,127.37371
837,185003176,8002579,30560,유천초등학교,3017010300,대전광역시,서구,도마동,X,36.314137,127.37386
838,185003175,8001256,30570,변동근린공원,3017010300,대전광역시,서구,도마동,O,36.325325,127.37373
839,185003177,8001737,30580,변동중학교,3017010300,대전광역시,서구,도마동,O,36.322777,127.37386
840,185003178,8001257,30590,변동근린공원,3017010300,대전광역시,서구,도마동,O,36.326096,127.37399
841,185003179,8002581,30600,도마2동주민센터,3017010300,대전광역시,서구,도마동,O,36.312424,127.37409
842,185003180,8002583,30610,도마중학교,3017010300,대전광역시,서구,도마동,X,36.319187,127.37411
843,185003181,8002580,30620,삼육중학교입구,3017010300,대전광역시,서구,도마동,O,36.311806,127.3745
844,185003182,8002584,30630,용화5길입구,3017010300,대전광역시,서구,도마동,O,36.319363,127.37585
845,185003183,8002118,30640,도마삼거리,3017010300,대전광역시,서구,도마동,O,36.311165,127.376205
846,185003184,8002119,30650,도마삼거리,3017010300,대전광역시,서구,도마동,O,36.3117,127.37664
847,185003185,8001276,30660,구농도원,3017010300,대전광역시,서구,도마동,O,36.31997,127.3776
848,185003186,8001277,30670,구농도원,3017010300,대전광역시,서구,도마동,O,36.320915,127.378
849,185003187,8001279,30680,구농도원네거리,3017010300,대전광역시,서구,도마동,O,36.317562,127.37806
850,185003188,8001278,30690,구농도원네거리,3017010300,대전광역시,서구,도마동,O,36.31752,127.37843
851,185003189,8001494,30700,도마1동행정복지센터,3017010300,대전광역시,서구,도마동,O,36.31518,127.37899
852,185003190,8001491,30710,도마1동행정복지센터,3017010300,대전광역시,서구,도마동,O,36.31539,127.379196
853,185003191,8001488,30720,도마네거리,3017010300,대전광역시,서구,도마동,O,36.312645,127.38083
854,185003192,8001490,30730,도마네거리,3017010300,대전광역시,서구,도마동,O,36.313805,127.38126
855,185003193,8001489,30750,도마e편한세상아파트,3017010300,대전광역시,서구,도마동,O,36.313824,127.3821
856,185003196,8001493,30760,도마시장,3017010300,대전광역시,서구,도마동,O,36.314804,127.383514
857,185003198,8001492,30770,도마시장,3017010300,대전광역시,서구,도마동,O,36.314644,127.3839
858,185003197,8001483,30780,도마e편한세상아파트 ,3017010300,대전광역시,서구,도마동,O,36.311737,127.38348
859,185003195,8001482,30790,효성타운아파트,3017010300,대전광역시,서구,도마동,O,36.31159,127.383316
860,185003154,8007074,35110,배재대학교종점,3017010300,대전광역시,서구,도마동,X,36.32325,127.36733
861,185003464,8001101,30380,공굴안,3017010400,대전광역시,서구,정림동,O,36.313496,127.36893
862,185003158,8001100,30390,공굴안,3017010400,대전광역시,서구,정림동,O,36.313366,127.369095
863,185003452,8002546,30800,가수원교,3017010400,대전광역시,서구,정림동,X,36.30735,127.36226
864,185003454,8002547,30810,정림삼거리,3017010400,대전광역시,서구,정림동,O,36.307274,127.363945
865,185003456,8002752,30820,코스모스아파트,3017010400,대전광역시,서구,정림동,X,36.299046,127.3647
866,185003455,8001198,30830,정림삼거리,3017010400,대전광역시,서구,정림동,O,36.306957,127.36462
867,185003457,8001199,30840,정림삼거리,3017010400,대전광역시,서구,정림동,O,36.306656,127.36506
868,185003458,8002337,30850,우성아파트,3017010400,대전광역시,서구,정림동,X,36.30247,127.36538
869,185003459,8002551,30860,정림초등학교,3017010400,대전광역시,서구,정림동,X,36.304733,127.36541
870,185003460,8002542,30870,정림동,3017010400,대전광역시,서구,정림동,O,36.308105,127.36545
871,185003461,8002550,30880,정림초등학교,3017010400,대전광역시,서구,정림동,O,36.303608,127.36594
872,185003462,8002541,30890,정림공원,3017010400,대전광역시,서구,정림동,O,36.30175,127.36647
873,185003463,8002543,30900,정림동,3017010400,대전광역시,서구,정림동,O,36.308147,127.366585
874,185003465,8002544,30910,서부소방서,3017010400,대전광역시,서구,정림동,O,36.309624,127.371826
875,185003450,8002548,34600,정림중학교,3017010400,대전광역시,서구,정림동,X,36.29427,127.36185
876,185003451,8002549,34610,정림중학교,3017010400,대전광역시,서구,정림동,X,36.294163,127.362045
877,185003364,8001950,30920,대전산업정보고,3017010500,대전광역시,서구,용문동,O,36.335476,127.389824
878,185003365,8001951,30930,대전산업정보고,3017010500,대전광역시,서구,용문동,O,36.33591,127.38988
879,185003366,8002508,30940,장미아파트,3017010500,대전광역시,서구,용문동,O,36.336983,127.39183
880,185003367,8002276,30950,용문역3번출구,3017010500,대전광역시,서구,용문동,O,36.337902,127.392494
881,185003368,8002278,30970,용문역1번출구,3017010500,대전광역시,서구,용문동,O,36.337086,127.39442
882,185003369,8002280,30980,용문역8번출구,3017010500,대전광역시,서구,용문동,O,36.33757,127.39443
883,185003370,8002277,30990,용문역7번출구,3017010500,대전광역시,서구,용문동,O,36.339497,127.395065
884,185003373,8001497,31010,도산서원,3017010500,대전광역시,서구,용문동,O,36.343,127.39961
885,185003372,8002762,31230,e편한세상아파트,3017010500,대전광역시,서구,용문동,O,36.341175,127.397224
886,185003466,8002425,31020,유승기업사,3017010600,대전광역시,서구,탄방동,O,36.34354,127.380974
887,185003467,8001075,31030,국민연금서대전지사,3017010600,대전광역시,서구,탄방동,O,36.34592,127.38198
888,185003468,8001572,31040,둔산초등학교,3017010600,대전광역시,서구,탄방동,O,36.34839,127.383026
889,185003469,8001074,31050,개나리아파트,3017010600,대전광역시,서구,탄방동,O,36.34336,127.38314
890,185003470,8005593,31060,탄방역1번출구,3017010600,대전광역시,서구,탄방동,X,36.34527,127.38429
891,185003471,8005594,31080,탄방역종점,3017010600,대전광역시,서구,탄방동,X,36.34534,127.38504
892,185003473,8005865,31090,탄방역.대전고용센터,3017010600,대전광역시,서구,탄방동,O,36.34685,127.38568
893,185003472,8002760,31100,탄방역.대전고용센터,3017010600,대전광역시,서구,탄방동,O,36.346523,127.38569
894,185003474,8005559,31110,샤크존,3017010600,대전광역시,서구,탄방동,X,36.3481,127.386375
895,185003476,8001949,31120,서부농협본점,3017010600,대전광역시,서구,탄방동,O,36.34239,127.38748
896,185003475,8005558,31130,샤크존,3017010600,대전광역시,서구,탄방동,O,36.347412,127.38672
897,185003477,8002953,31140,한우리아파트,3017010600,대전광역시,서구,탄방동,O,36.346508,127.38798
898,185003478,8002954,31150,한우리아파트,3017010600,대전광역시,서구,탄방동,O,36.346817,127.388466
899,185003481,8002279,31160,용문역5번출구,3017010600,대전광역시,서구,탄방동,O,36.339157,127.39248
900,185003480,8002869,31170,한가람아파트,3017010600,대전광역시,서구,탄방동,O,36.34653,127.39244
901,185003482,8002870,31180,한가람아파트,3017010600,대전광역시,서구,탄방동,O,36.346794,127.39303
902,185003484,8001109,31190,공작아파트,3017010600,대전광역시,서구,탄방동,O,36.348274,127.39498
903,185003483,8001571,31200,둔산전자타운,3017010600,대전광역시,서구,탄방동,O,36.33984,127.39495
904,185003485,8002759,31210,탄방동주민센터,3017010600,대전광역시,서구,탄방동,O,36.347897,127.39532
905,185003486,8002761,31220,e편한세상아파트,3017010600,대전광역시,서구,탄방동,O,36.34129,127.396805
906,185003487,8001252,31240,남선공원종합체육관,3017010600,대전광역시,서구,탄방동,O,36.348804,127.39831
907,185003488,8001498,31250,도산서원,3017010600,대전광역시,서구,탄방동,O,36.343464,127.399666
908,185003489,8001250,31260,남선공원네거리,3017010600,대전광역시,서구,탄방동,O,36.347336,127.401566
909,185003490,8001249,31270,남선공원네거리,3017010600,대전광역시,서구,탄방동,O,36.345898,127.40215
910,185003479,8002871,32540,한가람아파트,3017010600,대전광역시,서구,탄방동,O,36.348835,127.392265
911,185003125,8003044,31340,KT인재개발원,3017010800,대전광역시,서구,괴정동,O,36.33873,127.37544
912,185003126,8003043,31350,KT인재개발원,3017010800,대전광역시,서구,괴정동,O,36.33853,127.376175
913,185003127,8001132,31360,괴정네거리,3017010800,대전광역시,서구,괴정동,O,36.33615,127.37896
914,185003128,8001134,31370,괴정동주민센터,3017010800,대전광역시,서구,괴정동,O,36.33602,127.38197
915,185003129,8001135,31380,괴정동주민센터,3017010800,대전광역시,서구,괴정동,O,36.336185,127.3825
916,185003130,8001941,31390,KT서대전지사입구,3017010800,대전광역시,서구,괴정동,O,36.337757,127.384514
917,185003131,8001942,31400,KT서대전지사입구,3017010800,대전광역시,서구,괴정동,O,36.338528,127.38518
918,185003132,8005917,31410,KT서대전지사입구,3017010800,대전광역시,서구,괴정동,X,36.33732,127.38597
919,185003133,8002758,31420,탄방네거리,3017010800,대전광역시,서구,괴정동,O,36.342167,127.38628
920,185003134,8001712,31430,백운초등학교,3017010800,대전광역시,서구,괴정동,O,36.33977,127.38675
921,185003135,8002220,31440,예지중고등학교,3017010800,대전광역시,서구,괴정동,O,36.340076,127.387505
922,185003136,8001587,31450,롯데백화점,3017010800,대전광역시,서구,괴정동,O,36.340076,127.39074
923,185003024,8001736,31460,변동오거리,3017010900,대전광역시,서구,가장동,O,36.329113,127.38208
924,185003027,8005919,31470,가장제일장로교회,3017010900,대전광역시,서구,가장동,O,36.328568,127.38338
925,185003028,8001052,31480,가장네거리,3017010900,대전광역시,서구,가장동,O,36.330547,127.38509
926,185003030,8001237,31490,래미안아파트1단지,3017010900,대전광역시,서구,가장동,O,36.33184,127.385284
927,185003031,8001051,31500,가장네거리,3017010900,대전광역시,서구,가장동,O,36.330746,127.38534
928,185003032,8001238,31510,래미안아파트1단지,3017010900,대전광역시,서구,가장동,O,36.332397,127.38538
929,185003035,8001239,31520,래미안아파트2단지,3017010900,대전광역시,서구,가장동,O,36.33346,127.38732
930,185003036,8001050,31530,가장교,3017010900,대전광역시,서구,가장동,O,36.32862,127.38745
931,185003038,8001049,31540,가장교,3017010900,대전광역시,서구,가장동,O,36.328773,127.387726
932,185003037,8001240,31550,래미안아파트2단지,3017010900,대전광역시,서구,가장동,O,36.334217,127.38771
933,185003026,8002913,31710,한민시장,3017010900,대전광역시,서구,가장동,O,36.332573,127.38314
934,185003034,8070006,34840,가장교오거리,3017010900,대전광역시,서구,가장동,X,36.328114,127.386246
935,185003151,8001262,30300,내동초등학교,3017011000,대전광역시,서구,내동,O,36.32969,127.379906
936,185003137,8001588,31560,대전외국어고/롯데아파트,3017011000,대전광역시,서구,내동,O,36.33752,127.3665
937,185003138,8001589,31570,대전외국어고/롯데아파트,3017011000,대전광역시,서구,내동,O,36.33768,127.36673
938,185003139,8002753,31580,서우아파트1단지,3017011000,대전광역시,서구,내동,O,36.334286,127.36974
939,185003140,8002754,31590,코오롱아파트,3017011000,대전광역시,서구,내동,O,36.33432,127.37108
940,185003141,8002161,31600,안골네거리,3017011000,대전광역시,서구,내동,O,36.33581,127.372444
941,185003143,8001959,31610,서우아파트2단지,3017011000,대전광역시,서구,내동,O,36.333344,127.3726
942,185003142,8002160,31620,안골네거리,3017011000,대전광역시,서구,내동,O,36.33526,127.37249
943,185003144,8001962,31630,서중학교입구,3017011000,대전광역시,서구,내동,O,36.33314,127.37368
944,185003145,8001784,31640,봉산중학교,3017011000,대전광역시,서구,내동,O,36.3323,127.374756
945,185003146,8001259,31650,내동네거리,3017011000,대전광역시,서구,내동,O,36.331738,127.376144
946,185003147,8001264,31660,내동주민센터,3017011000,대전광역시,서구,내동,X,36.331932,127.377556
947,185003148,8001133,31670,괴정네거리,3017011000,대전광역시,서구,내동,O,36.335934,127.37874
948,185003149,8001130,31680,괴정네거리,3017011000,대전광역시,서구,내동,X,36.333572,127.379105
949,185003150,8001131,31690,괴정네거리,3017011000,대전광역시,서구,내동,X,36.33397,127.379814
950,185003153,8002914,31700,한민시장,3017011000,대전광역시,서구,내동,O,36.332237,127.38309
951,185003152,8001604,31720,맑은아침아파트,3017011000,대전광역시,서구,내동,O,36.330452,127.38306
952,185003039,8001057,31730,갈마도서관,3017011100,대전광역시,서구,갈마동,O,36.34145,127.366425
953,185003040,8001060,31740,갈마아파트2단지,3017011100,대전광역시,서구,갈마동,O,36.342327,127.36717
954,185003041,8001054,31750,갈마네거리,3017011100,대전광역시,서구,갈마동,O,36.353497,127.36766
955,185003042,8001204,31760,갈마중학교입구,3017011100,대전광역시,서구,갈마동,O,36.349384,127.36812
956,185003046,8001056,31770,갈마네거리,3017011100,대전광역시,서구,갈마동,O,36.353638,127.36853
957,185003043,8001902,31780,상수도사업본부,3017011100,대전광역시,서구,갈마동,O,36.34579,127.36829
958,185003045,8001205,31790,갈마중학교입구,3017011100,대전광역시,서구,갈마동,O,36.34949,127.368454
959,185003044,8001053,31800,갈마네거리,3017011100,대전광역시,서구,갈마동,O,36.353092,127.36841
960,185003047,8001903,31810,상수도사업본부,3017011100,대전광역시,서구,갈마동,O,36.34651,127.36858
961,185003050,8001065,31820,갈마초등학교,3017011100,대전광역시,서구,갈마동,O,36.35462,127.36907
962,185003049,8001058,31830,갈마삼거리,3017011100,대전광역시,서구,갈마동,O,36.350174,127.369064
963,185003051,8002917,31840,한밭고.갈마중입구,3017011100,대전광역시,서구,갈마동,O,36.34675,127.36926
964,185003053,8001710,31850,동산아파트입구,3017011100,대전광역시,서구,갈마동,O,36.34954,127.36939
965,185003052,8001064,31860,갈마초등학교,3017011100,대전광역시,서구,갈마동,O,36.35438,127.36934
966,185003054,8001952,31870,둔산소방서,3017011100,대전광역시,서구,갈마동,O,36.34671,127.369545
967,185003056,8001059,31880,갈마아파트3단지,3017011100,대전광역시,서구,갈마동,O,36.342495,127.37112
968,185003057,8002846,31890,푸른아파트,3017011100,대전광역시,서구,갈마동,O,36.34273,127.37121
969,185003058,8001063,31900,갈마육교,3017011100,대전광역시,서구,갈마동,O,36.351265,127.37132
970,185003061,8001062,31910,갈마육교,3017011100,대전광역시,서구,갈마동,O,36.351414,127.37198
971,185003062,8005517,31920,갈마역,3017011100,대전광역시,서구,갈마동,O,36.35751,127.37318
972,185003063,8001570,31930,둔산여자고등학교,3017011100,대전광역시,서구,갈마동,O,36.353825,127.37399
973,185003064,8001061,31940,갈마역,3017011100,대전광역시,서구,갈마동,O,36.356583,127.37412
974,185003065,8001055,31950,갈마2동주민센터/충청투데이,3017011100,대전광역시,서구,갈마동,O,36.345707,127.37466
975,185003067,8001089,31960,큰마을아파트,3017011100,대전광역시,서구,갈마동,O,36.347305,127.37599
976,185003068,8002757,31970,큰마을아파트,3017011100,대전광역시,서구,갈마동,O,36.347553,127.37715
977,185003048,8005909,34820,한마음동산,3017011100,대전광역시,서구,갈마동,O,36.344276,127.36867
978,185003066,8007011,34960,둔원초등학교,3017011100,대전광역시,서구,갈마동,O,36.34421,127.375015
979,185003280,8001655,31280,문정초등학교,3017011200,대전광역시,서구,둔산동,O,36.35043,127.39529
980,185003281,8002338,31290,국화아파트,3017011200,대전광역시,서구,둔산동,O,36.354168,127.39531
981,185003284,8002702,31300,청솔아파트,3017011200,대전광역시,서구,둔산동,O,36.351105,127.397194
982,185003286,8002703,31310,청솔아파트,3017011200,대전광역시,서구,둔산동,O,36.351364,127.3983
983,185003287,8001251,31320,남선공원종합체육관,3017011200,대전광역시,서구,둔산동,O,36.349113,127.399124
984,185003288,8001743,31330,보라삼거리,3017011200,대전광역시,서구,둔산동,O,36.350384,127.401505
985,185003213,8001569,31990,둔산여자고등학교,3017011200,대전광역시,서구,둔산동,O,36.353165,127.37445
986,185003212,8002967,32000,향촌아파트,3017011200,대전광역시,서구,둔산동,O,36.355083,127.374435
987,185003216,8001091,32030,큰마을네거리,3017011200,대전광역시,서구,둔산동,O,36.349167,127.37617
988,185003214,8002968,32010,향촌아파트,3017011200,대전광역시,서구,둔산동,O,36.35571,127.37578
989,185003215,8002815,32020,파랑새아파트,3017011200,대전광역시,서구,둔산동,X,36.355965,127.37598
990,185003218,8001076,32050,갤러리아타임월드,3017011200,대전광역시,서구,둔산동,O,36.351604,127.376976
991,185003221,8002452,32060,은하수네거리,3017011200,대전광역시,서구,둔산동,O,36.350246,127.37747
992,185003220,8006006,32070,은하수네거리,3017011200,대전광역시,서구,둔산동,O,36.3509,127.37786
993,185003222,8002453,32080,은하수네거리,3017011200,대전광역시,서구,둔산동,O,36.350414,127.37803
994,185003223,8002467,32090,이마트,3017011200,대전광역시,서구,둔산동,O,36.355984,127.37849
995,185003224,8001380,32100,대전상공회의소,3017011200,대전광역시,서구,둔산동,O,36.34627,127.37883
996,185003225,8002466,32110,이마트,3017011200,대전광역시,서구,둔산동,O,36.355686,127.37889
997,185003226,8001078,32120,갤러리아타임월드,3017011200,대전광역시,서구,둔산동,O,36.35272,127.37907
998,185003227,8002468,32130,이마트,3017011200,대전광역시,서구,둔산동,O,36.355156,127.37922
999,185003228,8002814,32150,파랑새네거리,3017011200,대전광역시,서구,둔산동,O,36.353065,127.379524
1000,187001501,8001567,32160,둔산경찰서,3017011200,대전광역시,서구,둔산동,O,36.35854,127.37959
1001,185003230,8002556,32170,정부대전청사서문,3017011200,대전광역시,서구,둔산동,O,36.361683,127.37961
1002,185003231,8002557,32180,정부대전청사서문,3017011200,대전광역시,서구,둔산동,O,36.36371,127.379654
1003,185003233,8002159,32190,아이빌딩,3017011200,대전광역시,서구,둔산동,O,36.351406,127.38061
1004,185003232,8002554,32200,정부대전청사남문,3017011200,대전광역시,서구,둔산동,O,36.359634,127.38034
1005,185003234,8002559,32210,정부청사역,3017011200,대전광역시,서구,둔산동,O,36.357445,127.38066
1006,185003235,8002851,32220,SK브로드밴드,3017011200,대전광역시,서구,둔산동,O,36.351147,127.38076
1007,187001484,8001565,32230,둔산2동주민센터,3017011200,대전광역시,서구,둔산동,O,36.353455,127.380875
1008,185003237,8002553,32240,정부대전청사남문,3017011200,대전광역시,서구,둔산동,O,36.35989,127.381134
1009,185003238,8001275,32260,녹원아파트,3017011200,대전광역시,서구,둔산동,O,36.346066,127.38176
1010,185003239,8002558,32270,정부청사역,3017011200,대전광역시,서구,둔산동,O,36.35786,127.38208
1011,185003240,8001573,32280,둔산초등학교,3017011200,대전광역시,서구,둔산동,O,36.34841,127.38273
1012,185003241,8005583,32290,정부청사광장,3017011200,대전광역시,서구,둔산동,O,36.359127,127.38284
1013,185003244,8005856,32300,을지대학병원,3017011200,대전광역시,서구,둔산동,X,36.35481,127.38309
1014,185003245,8002087,32310,시청.교육청,3017011200,대전광역시,서구,둔산동,O,36.351395,127.3835
1015,185003246,8001925,32320,서구청,3017011200,대전광역시,서구,둔산동,X,36.355972,127.38386
1016,185003247,8001924,32330,서구청,3017011200,대전광역시,서구,둔산동,O,36.355667,127.38408
1017,187001500,8002089,32340,시청환승지,3017011200,대전광역시,서구,둔산동,O,36.35247,127.38445
1018,185003250,8001378,32350,대전광역시청,3017011200,대전광역시,서구,둔산동,O,36.351112,127.38486
1019,185003252,8002090,32360,시청환승지,3017011200,대전광역시,서구,둔산동,O,36.35203,127.38534
1020,185003253,8001394,32380,대전예술의전당,3017011200,대전광역시,서구,둔산동,O,36.36446,127.38667
1021,185003255,8002969,32390,시청역,3017011200,대전광역시,서구,둔산동,O,36.351406,127.38816
1022,185003254,8001725,32400,법원.검찰청,3017011200,대전광역시,서구,둔산동,O,36.355923,127.38721
1023,185003257,8002088,32410,시청역,3017011200,대전광역시,서구,둔산동,O,36.351147,127.38868
1024,185003256,8001726,32420,법원.검찰청,3017011200,대전광역시,서구,둔산동,O,36.355705,127.38866
1025,185003259,8001452,32430,둥지네거리,3017011200,대전광역시,서구,둔산동,O,36.3595,127.38932
1026,185003262,8001724,32440,법원.검찰청,3017011200,대전광역시,서구,둔산동,O,36.35506,127.39004
1027,185003261,8001831,32450,사학연금회관,3017011200,대전광역시,서구,둔산동,O,36.359146,127.39001
1028,185003260,8002555,32460,정부대전청사동문,3017011200,대전광역시,서구,둔산동,O,36.361454,127.38999
1029,185003264,8001628,32470,목련아파트,3017011200,대전광역시,서구,둔산동,O,36.349995,127.390335
1030,185003265,8001723,32480,법원.검찰청,3017011200,대전광역시,서구,둔산동,O,36.354385,127.390335
1031,185003266,8001575,32490,사학연금회관,3017011200,대전광역시,서구,둔산동,O,36.35865,127.39041
1032,185003267,8001913,32500,샘머리아파트,3017011200,대전광역시,서구,둔산동,O,36.361553,127.39041
1033,185003268,8001574,32510,둥지아파트,3017011200,대전광역시,서구,둔산동,O,36.357735,127.39124
1034,185003270,8001232,32520,꿈나무아파트,3017011200,대전광역시,서구,둔산동,O,36.359795,127.39173
1035,185003269,8001629,32530,목련아파트,3017011200,대전광역시,서구,둔산동,O,36.351124,127.39166
1036,185003271,8002908,32550,한마루아파트,3017011200,대전광역시,서구,둔산동,O,36.35568,127.39251
1037,185003272,8001576,32560,둥지아파트정문,3017011200,대전광역시,서구,둔산동,O,36.359592,127.39258
1038,185003273,8002964,32570,햇님아파트,3017011200,대전광역시,서구,둔산동,O,36.3559,127.39278
1039,185003274,8002717,32580,충남고등학교,3017011200,대전광역시,서구,둔산동,O,36.349094,127.39294
1040,185003275,8002756,32590,크로바아파트,3017011200,대전광역시,서구,둔산동,O,36.3514,127.393265
1041,185003276,8001912,32600,샘머리공원,3017011200,대전광역시,서구,둔산동,O,36.357403,127.39334
1042,185003277,8002763,32610,탄방중학교,3017011200,대전광역시,서구,둔산동,O,36.350273,127.39484
1043,185003278,8002935,32620,한밭초등학교,3017011200,대전광역시,서구,둔산동,O,36.35467,127.39488
1044,185003279,8001890,32630,삼천중학교,3017011200,대전광역시,서구,둔산동,O,36.35907,127.39509
1045,185003282,8002076,32640,수정타운아파트정문,3017011200,대전광역시,서구,둔산동,O,36.358475,127.39538
1046,185003283,8001005,32650,가람아파트,3017011200,대전광역시,서구,둔산동,O,36.357365,127.39595
1047,185003285,8002075,32660,수정타운아파트,3017011200,대전광역시,서구,둔산동,O,36.357666,127.39748
1048,185003219,8001077,32040,갤러리아타임월드,3017011200,대전광역시,서구,둔산동,O,36.351944,127.376976
1049,185003263,8005918,34760,목련아파트,3017011200,대전광역시,서구,둔산동,O,36.35047,127.39005
1050,185003242,8005581,34770,을지대학병원,3017011200,대전광역시,서구,둔산동,O,36.35472,127.3828
1051,185003427,8001649,32140,무궁화아파트,3017011300,대전광역시,서구,월평동,O,36.363155,127.379234
1052,185003398,8001388,32690,대전교통공사,3017011300,대전광역시,서구,월평동,O,36.351093,127.352036
1053,185003399,8005520,32710,갑천역,3017011300,대전광역시,서구,월평동,X,36.35448,127.35472
1054,185003401,8002382,32730,월평삼거리,3017011300,대전광역시,서구,월평동,O,36.352882,127.356155
1055,185003403,8002377,32740,월평역,3017011300,대전광역시,서구,월평동,O,36.358498,127.36105
1056,185003402,8001425,32750,대전일보사,3017011300,대전광역시,서구,월평동,O,36.353622,127.36067
1057,185003404,8001426,32760,대전일보사,3017011300,대전광역시,서구,월평동,O,36.354168,127.36174
1058,185003405,8002378,32770,월평역,3017011300,대전광역시,서구,월평동,O,36.35873,127.362434
1059,185003406,8002538,32780,전원아파트,3017011300,대전광역시,서구,월평동,O,36.35971,127.3657
1060,185003408,8002850,32790,하나로아파트,3017011300,대전광역시,서구,월평동,O,36.35995,127.36659
1061,185003410,8002668,32800,진달래아파트,3017011300,대전광역시,서구,월평동,O,36.359158,127.36824
1062,185003411,8001926,32810,서대전고등학교,3017011300,대전광역시,서구,월평동,X,36.359234,127.36855
1063,185003412,8002381,32820,월평주공아파트,3017011300,대전광역시,서구,월평동,O,36.362118,127.36937
1064,185003413,8002379,32830,월평주공아파트,3017011300,대전광역시,서구,월평동,O,36.36237,127.37039
1065,185003414,8003008,32840,황실타운아파트,3017011300,대전광역시,서구,월평동,O,36.35995,127.370865
1066,185003416,8001287,32860,누리아파트,3017011300,대전광역시,서구,월평동,O,36.35968,127.371956
1067,185003417,8005518,32870,갈마역,3017011300,대전광역시,서구,월평동,O,36.357872,127.372314
1068,185003418,8001288,32880,누리아파트후문,3017011300,대전광역시,서구,월평동,O,36.35917,127.374146
1069,185003419,8001998,32890,성룡초등학교,3017011300,대전광역시,서구,월평동,O,36.361343,127.37414
1070,185003421,8001651,32900,무지개아파트,3017011300,대전광역시,서구,월평동,O,36.359123,127.37447
1071,185003420,8001999,32910,성룡초등학교,3017011300,대전광역시,서구,월평동,O,36.36168,127.37444
1072,185003422,8002952,32920,한아름아파트,3017011300,대전광역시,서구,월평동,O,36.362354,127.37578
1073,185003423,8001652,32930,무지개아파트,3017011300,대전광역시,서구,월평동,O,36.359646,127.376045
1074,185003424,8001919,32940,샛별아파트,3017011300,대전광역시,서구,월평동,O,36.35993,127.376175
1075,185003425,8001713,32950,백합네거리,3017011300,대전광역시,서구,월평동,O,36.362103,127.37713
1076,185003426,8001988,32960,선사유적지,3017011300,대전광역시,서구,월평동,O,36.359932,127.37881
1077,187001499,8001568,32970,통계센터,3017011300,대전광역시,서구,월평동,O,36.35903,127.37925
1078,185003429,8001989,32980,선사유적지,3017011300,대전광역시,서구,월평동,O,36.361702,127.379265
1079,185003400,8001389,32720,대전교통공사,3017011300,대전광역시,서구,월평동,O,36.351173,127.35482
1080,185003407,8005999,34800,진달래아파트,3017011300,대전광역시,서구,월평동,O,36.35818,127.36621
1081,185003409,8006001,34810,월평중학교,3017011300,대전광역시,서구,월평동,O,36.35771,127.36717
1082,186005226,8001389,32720,대전교통공사,3017011300,대전광역시,서구,월평동,O,36.351173,127.35482
1083,185003003,8001018,33020,가수원도서관,3017011400,대전광역시,서구,가수원동,X,36.301926,127.34997
1084,185003004,8001017,33030,가수원도서관,3017011400,대전광역시,서구,가수원동,X,36.30203,127.35014
1085,185003005,8001028,33040,가수원육교.가수원시장,3017011400,대전광역시,서구,가수원동,O,36.30469,127.350845
1086,185003001,8001526,33000,동방고등학교,3017011400,대전광역시,서구,가수원동,O,36.30373,127.34588
1087,185003002,8001525,33010,동방고등학교,3017011400,대전광역시,서구,가수원동,O,36.30348,127.346924
1088,185003008,8001029,33070,가수원육교.가수원시장,3017011400,대전광역시,서구,가수원동,O,36.30447,127.35135
1089,185003009,8001019,33080,가수원동,3017011400,대전광역시,서구,가수원동,X,36.300083,127.35158
1090,185003010,8001008,33090,가수원동,3017011400,대전광역시,서구,가수원동,X,36.300232,127.35168
1091,185003011,8001014,33100,가수원파출소,3017011400,대전광역시,서구,가수원동,O,36.307655,127.35208
1092,185003013,8001011,33120,가수원시장,3017011400,대전광역시,서구,가수원동,O,36.304085,127.353516
1093,185003014,8001030,33130,가수원중학교,3017011400,대전광역시,서구,가수원동,X,36.298244,127.353745
1094,185003015,8001012,33140,가수원시장,3017011400,대전광역시,서구,가수원동,X,36.30414,127.353745
1095,185003016,8001031,33150,가수원중학교,3017011400,대전광역시,서구,가수원동,X,36.298344,127.35392
1096,185003019,8002439,33160,은아아파트,3017011400,대전광역시,서구,가수원동,X,36.29771,127.35518
1097,185003018,8002438,33170,은아아파트,3017011400,대전광역시,서구,가수원동,X,36.297485,127.355156
1098,185003020,8001026,33180,가수원역,3017011400,대전광역시,서구,가수원동,X,36.2986,127.35589
1099,185003021,8001027,33190,가수원역,3017011400,대전광역시,서구,가수원동,O,36.299187,127.35597
1100,185003022,8001009,33200,가수원네거리,3017011400,대전광역시,서구,가수원동,O,36.305706,127.35625
1101,185003023,8003046,33220,GS칼텍스저유소,3017011400,대전광역시,서구,가수원동,X,36.295704,127.35677
1102,185003012,8001013,34870,가수원파출소,3017011400,대전광역시,서구,가수원동,O,36.30679,127.35274
1103,185003017,8003053,34930,가수원네거리,3017011400,대전광역시,서구,가수원동,O,36.30549,127.35399
1104,185003199,8001642,33230,목원대학교,3017011500,대전광역시,서구,도안동,X,36.329697,127.338104
1105,185003201,8001641,33230,목원대학교,3017011500,대전광역시,서구,도안동,X,36.329674,127.338196
1106,185003006,8001025,33050,도안베르디움,3017011500,대전광역시,서구,도안동,O,36.31296,127.34992
1107,185003007,8001024,33060,린풀하우스,3017011500,대전광역시,서구,도안동,O,36.312096,127.35047
1108,185003202,8003101,33250,목원대네거리,3017011500,대전광역시,서구,도안동,O,36.332047,127.33942
1109,185003528,8007178,33260,옥녀봉체육공원,3017011500,대전광역시,서구,도안동,O,36.33193,127.346825
1110,185003207,8070018,33280,수목토아파트,3017011500,대전광역시,서구,도안동,O,36.319626,127.347855
1111,185003210,8070011,33290,수목토아파트,3017011500,대전광역시,서구,도안동,O,36.31862,127.34813
1112,185003211,8070012,34880,트리풀시티레이크포레,3017011500,대전광역시,서구,도안동,O,36.325153,127.34816
1113,185003209,8070017,34890,트리풀시티레이크포레,3017011500,대전광역시,서구,도안동,O,36.326283,127.3479
1114,186004675,8001643,34900,옥녀봉네거리,3017011500,대전광역시,서구,도안동,O,36.330814,127.348114
1115,185003204,8002183,35550,도안동예미지아파트,3017011500,대전광역시,서구,도안동,O,36.331974,127.34375
1116,185003205,8001644,46540,옥녀봉네거리,3017011500,대전광역시,서구,도안동,O,36.33171,127.347984
1117,185003103,8001079,32990,건양대병원,3017011600,대전광역시,서구,관저동,O,36.30686,127.34085
1118,185003072,8001218,33300,진잠네거리,3017011600,대전광역시,서구,관저동,O,36.298157,127.3243
1119,185003073,8005532,33310,진잠네거리,3017011600,대전광역시,서구,관저동,O,36.298046,127.3251
1120,185003074,8001153,33330,구봉마을5단지,3017011600,대전광역시,서구,관저동,O,36.300285,127.32697
1121,185003075,8001152,33340,구봉마을7단지,3017011600,대전광역시,서구,관저동,O,36.29667,127.32708
1122,185003076,8001217,33350,금동초등학교,3017011600,대전광역시,서구,관저동,O,36.296825,127.327324
1123,185003078,8002107,33370,신선마을아파트,3017011600,대전광역시,서구,관저동,O,36.301147,127.329605
1124,185003077,8001154,33380,구봉마을7단지,3017011600,대전광역시,서구,관저동,O,36.297737,127.32946
1125,185003079,8001156,33390,구봉마을8단지,3017011600,대전광역시,서구,관저동,O,36.297695,127.32979
1126,185003080,8001155,33400,구봉마을8단지,3017011600,대전광역시,서구,관저동,X,36.296463,127.33123
1127,185003081,8001157,33410,구봉마을9단지,3017011600,대전광역시,서구,관저동,O,36.296196,127.33163
1128,185003082,8001785,33420,봉우중학교,3017011600,대전광역시,서구,관저동,O,36.29877,127.33169
1129,185003083,8001786,33430,봉우중학교,3017011600,대전광역시,서구,관저동,O,36.299046,127.33205
1130,185003084,8001116,33440,관저네거리,3017011600,대전광역시,서구,관저동,O,36.301777,127.3347
1131,185003085,8002106,33450,신선마을아파트,3017011600,대전광역시,서구,관저동,O,36.30006,127.33472
1132,185003086,8002108,33460,관저2동행정복지센터,3017011600,대전광역시,서구,관저동,O,36.299694,127.334946
1133,185003088,8001118,33470,관저네거리,3017011600,대전광역시,서구,관저동,O,36.30123,127.33591
1134,185003089,8001115,33480,관저지하차도,3017011600,대전광역시,서구,관저동,O,36.30181,127.33657
1135,185003091,8001371,33490,대자연아파트,3017011600,대전광역시,서구,관저동,O,36.30701,127.3369
1136,185003092,8001369,33500,대자연마을,3017011600,대전광역시,서구,관저동,O,36.306877,127.33711
1137,185003093,8005647,33510,원앙4단지,3017011600,대전광역시,서구,관저동,O,36.304546,127.33836
1138,185003094,8001372,33520,대자연아파트,3017011600,대전광역시,서구,관저동,O,36.304714,127.33845
1139,185003095,8001373,33530,대자연아파트후문,3017011600,대전광역시,서구,관저동,O,36.307808,127.339066
1140,185003096,8002365,33540,"원앙1,2단지",3017011600,대전광역시,서구,관저동,O,36.307995,127.33908
1141,185003097,8001291,33550,느리울13단지,3017011600,대전광역시,서구,관저동,O,36.296593,127.33983
1142,185003099,8001083,33560,건양대병원네거리,3017011600,대전광역시,서구,관저동,O,36.30251,127.33986
1143,185003098,8001292,33570,느리울13단지,3017011600,대전광역시,서구,관저동,O,36.2969,127.33983
1144,185003102,8001290,33580,느리울12단지,3017011600,대전광역시,서구,관저동,O,36.298435,127.34066
1145,185003100,8001080,33590,건양대병원네거리,3017011600,대전광역시,서구,관저동,O,36.30139,127.34061
1146,185003101,8001117,33600,관저중학교,3017011600,대전광역시,서구,관저동,O,36.305386,127.340645
1147,185003104,8001289,33610,느리울12단지,3017011600,대전광역시,서구,관저동,O,36.298183,127.340866
1148,185003105,8001082,33620,건양대병원네거리,3017011600,대전광역시,서구,관저동,O,36.30295,127.34154
1149,185003106,8001081,33630,건양대병원네거리,3017011600,대전광역시,서구,관저동,O,36.30292,127.34336
1150,185003071,8070010,34860,샘물타운아파트,3017011600,대전광역시,서구,관저동,O,36.29806,127.32329
1151,185003087,8007045,34970,선암초교네거리,3017011600,대전광역시,서구,관저동,O,36.29616,127.33576
1152,185003090,8007046,34980,선암초교네거리,3017011600,대전광역시,서구,관저동,O,36.29634,127.336624
1153,185003070,8001960,35540,서일고등학교,3017011600,대전광역시,서구,관저동,O,36.29402,127.32119
1154,185003505,8001450,33640,대추벌,3017011700,대전광역시,서구,흑석동,X,36.265396,127.33294
1155,185003506,8001451,33650,대추벌,3017011700,대전광역시,서구,흑석동,X,36.265457,127.33304
1156,185003507,8002069,33660,수영장,3017011700,대전광역시,서구,흑석동,X,36.25978,127.33752
1157,185003508,8002068,33670,수영장,3017011700,대전광역시,서구,흑석동,X,36.259895,127.33756
1158,185003509,8003038,33680,흑석리역,3017011700,대전광역시,서구,흑석동,X,36.255207,127.33997
1159,185003510,8003037,33690,흑석리역,3017011700,대전광역시,서구,흑석동,X,36.255295,127.34007
1160,185003513,8005958,33700,기성농협,3017011700,대전광역시,서구,흑석동,X,36.253403,127.34102
1161,185003515,8003036,33710,흑석네거리,3017011700,대전광역시,서구,흑석동,O,36.254856,127.34121
1162,185003516,8003035,33720,흑석네거리,3017011700,대전광역시,서구,흑석동,O,36.254738,127.34128
1163,185003514,8002526,33730,장평보유원지,3017011700,대전광역시,서구,흑석동,X,36.270565,127.341194
1164,185003517,8002525,33740,장평보유원지,3017011700,대전광역시,서구,흑석동,X,36.270554,127.34144
1165,185003518,8005534,33750,기성중학교,3017011700,대전광역시,서구,흑석동,X,36.25011,127.34206
1166,185003519,8001225,33760,기성중학교,3017011700,대전광역시,서구,흑석동,X,36.25011,127.34214
1167,185003520,8001266,33790,노루벌,3017011700,대전광역시,서구,흑석동,X,36.272972,127.34372
1168,185003521,8001267,33800,노루벌,3017011700,대전광역시,서구,흑석동,X,36.27308,127.34391
1169,185003522,8001830,33820,사진개,3017011700,대전광역시,서구,흑석동,X,36.26178,127.34573
1170,185003523,8001829,33830,사진개,3017011700,대전광역시,서구,흑석동,X,36.261597,127.34595
1171,185003524,8001582,33840,등골,3017011700,대전광역시,서구,흑석동,X,36.267963,127.35197
1172,185003525,8005614,33850,등골,3017011700,대전광역시,서구,흑석동,X,36.26799,127.3521
1173,185003511,8001224,35840,기성농협,3017011700,대전광역시,서구,흑석동,X,36.253307,127.34092
1174,185003306,8001606,33770,매노동,3017011800,대전광역시,서구,매노동,X,36.247124,127.34333
1175,185003307,8001605,33780,매노동,3017011800,대전광역시,서구,매노동,X,36.247276,127.343376
1176,185003303,8001911,34010,새터,3017011800,대전광역시,서구,매노동,X,36.243416,127.32542
1177,185003304,8001226,34040,기성초등학교,3017011800,대전광역시,서구,매노동,X,36.250736,127.33621
1178,185003305,8001227,34050,기성초등학교,3017011800,대전광역시,서구,매노동,X,36.250916,127.33621
1179,185003495,8003103,34950,평촌,3017011800,대전광역시,서구,매노동,X,36.24458,127.31474
1180,185003355,8002808,34080,토옥골,3017011900,대전광역시,서구,산직동,X,36.239403,127.343994
1181,185003357,8001684,34100,밤갈미,3017011900,대전광역시,서구,산직동,X,36.242565,127.34575
1182,185003358,8001685,33810,밤갈미,3017011900,대전광역시,서구,산직동,X,36.24263,127.34593
1183,185003353,8002285,34060,용태울,3017011900,대전광역시,서구,산직동,X,36.23547,127.34233
1184,185003354,8001860,34070,용태울,3017011900,대전광역시,서구,산직동,X,36.235455,127.342415
1185,185003356,8001861,34090,토옥골,3017011900,대전광역시,서구,산직동,X,36.239723,127.34406
1186,185003359,8002283,34110,용바위,3017012000,대전광역시,서구,장안동,X,36.231873,127.346306
1187,185003449,8002284,34120,용바위,3017012000,대전광역시,서구,장안동,X,36.232365,127.346565
1188,185003430,8002516,34130,장안동종점,3017012000,대전광역시,서구,장안동,X,36.197227,127.33841
1189,185003431,8002513,34140,장안동,3017012000,대전광역시,서구,장안동,X,36.214138,127.33683
1190,185003432,8002512,34150,장안동,3017012000,대전광역시,서구,장안동,X,36.214123,127.33693
1191,185003433,8002524,34160,장태산자연휴양림,3017012000,대전광역시,서구,장안동,X,36.22058,127.33828
1192,185003434,8002523,34170,장태산자연휴양림,3017012000,대전광역시,서구,장안동,X,36.220737,127.338394
1193,185003445,8002521,34200,장태산길곡길입구,3017012000,대전광역시,서구,장안동,X,36.22197,127.34248
1194,185003446,8002522,34210,장태산길곡길입구,3017012000,대전광역시,서구,장안동,X,36.222107,127.342514
1195,185003447,8002514,34220,장안저수지,3017012000,대전광역시,서구,장안동,X,36.22686,127.34557
1196,185003448,8002515,34230,장안저수지,3017012000,대전광역시,서구,장안동,X,36.226814,127.34573
1197,185003441,8070037,34990,산막골,3017012000,대전광역시,서구,장안동,X,36.201332,127.34049
1198,185003442,8070038,35000,산막골,3017012000,대전광역시,서구,장안동,X,36.201443,127.340546
1199,185003443,8070039,35010,하산막골,3017012000,대전광역시,서구,장안동,X,36.203613,127.34124
1200,185003444,8070040,35020,하산막골,3017012000,대전광역시,서구,장안동,X,36.20389,127.34145
1201,185003439,8070041,35030,목련농원,3017012000,대전광역시,서구,장안동,X,36.20853,127.3395
1202,185003440,8070042,35040,목련농원,3017012000,대전광역시,서구,장안동,X,36.208622,127.339615
1203,185003494,8002837,33860,평촌2통아래뜸,3017012100,대전광역시,서구,평촌동,X,36.238014,127.3125
1204,185003493,8005597,33870,평촌2통아래뜸,3017012100,대전광역시,서구,평촌동,X,36.237865,127.31247
1205,185003496,8002838,33880,평촌2통마을회관,3017012100,대전광역시,서구,평촌동,X,36.239536,127.315384
1206,185003497,8005598,33900,평촌2통마을회관,3017012100,대전광역시,서구,평촌동,X,36.239426,127.31553
1207,185003498,8002518,33920,장전,3017012100,대전광역시,서구,평촌동,X,36.23189,127.31623
1208,185003499,8002517,33930,장전,3017012100,대전광역시,서구,평촌동,X,36.23181,127.31634
1209,185003500,8002834,33940,평촌1통마을회관,3017012100,대전광역시,서구,평촌동,X,36.239246,127.31823
1210,185003501,8002835,33950,평촌1통마을회관,3017012100,대전광역시,서구,평촌동,X,36.23916,127.31829
1211,185003502,8001814,33960,사기점골,3017012100,대전광역시,서구,평촌동,X,36.240273,127.32155
1212,185003503,8001813,33970,사기점골,3017012100,대전광역시,서구,평촌동,X,36.240124,127.32164
1213,185003504,8001910,34000,새터,3017012100,대전광역시,서구,평촌동,X,36.243614,127.32511
1214,185003491,8002842,34240,평촌동종점,3017012100,대전광역시,서구,평촌동,X,36.2366,127.30757
1215,185003360,8002221,34250,오동,3017012200,대전광역시,서구,오동,X,36.230793,127.30842
1216,185003361,8002222,34260,오동,3017012200,대전광역시,서구,오동,X,36.230984,127.30901
1217,185003362,8002215,34270,영골,3017012200,대전광역시,서구,오동,X,36.231174,127.31151
1218,185003363,8002214,34280,영골,3017012200,대전광역시,서구,오동,X,36.231056,127.31157
1219,185003383,8002335,34290,우명동종점,3017012300,대전광역시,서구,우명동,X,36.23753,127.285614
1220,185003385,8002333,34300,우명동,3017012300,대전광역시,서구,우명동,X,36.22614,127.293686
1221,185003386,8002334,34310,우명동,3017012300,대전광역시,서구,우명동,X,36.22617,127.29377
1222,185003387,8002332,34320,우명2구,3017012300,대전광역시,서구,우명동,X,36.225334,127.29443
1223,185003388,8002331,34330,우명2구,3017012300,대전광역시,서구,우명동,X,36.225357,127.29455
1224,185003392,8002192,34340,어곡교,3017012300,대전광역시,서구,우명동,X,36.224056,127.302895
1225,185003393,8002193,34350,어곡교,3017012300,대전광역시,서구,우명동,X,36.22405,127.30306
1226,185003390,8005893,35080,우명교,3017012300,대전광역시,서구,우명동,X,36.227283,127.30215
1227,185003391,8005892,35090,우명교,3017012300,대전광역시,서구,우명동,X,36.227345,127.302574
1228,185003389,8002586,72260,조동1리,3017012300,대전광역시,서구,우명동,X,36.222614,127.295296
1229,185003395,8002366,34360,원정1통마을회관,3017012400,대전광역시,서구,원정동,X,36.25784,127.30171
1230,185003396,8002367,34370,원정역,3017012400,대전광역시,서구,원정동,X,36.253548,127.304886
1231,185003397,8002368,34380,원정역,3017012400,대전광역시,서구,원정동,X,36.253685,127.305016
1232,185003382,8002179,34020,야실,3017012500,대전광역시,서구,용촌동,X,36.24961,127.33071
1233,185003376,8002326,33890,용촌교,3017012500,대전광역시,서구,용촌동,X,36.247574,127.31556
1234,185003377,8002325,33910,용촌교,3017012500,대전광역시,서구,용촌동,X,36.247635,127.31566
1235,185003379,8002322,33980,용촌1통,3017012500,대전광역시,서구,용촌동,X,36.24924,127.32297
1236,185003380,8002321,33990,용촌1통,3017012500,대전광역시,서구,용촌동,X,36.249195,127.3232
1237,185003381,8002178,34030,야실,3017012500,대전광역시,서구,용촌동,X,36.249527,127.33071
1238,185003375,8002324,34390,용촌2통,3017012500,대전광역시,서구,용촌동,X,36.24882,127.312775
1239,185003374,8002323,34400,용촌2통,3017012500,대전광역시,서구,용촌동,X,36.24872,127.312775
1240,185003378,8003052,34940,정방마을입구,3017012500,대전광역시,서구,용촌동,X,36.24826,127.31995
1241,185003347,8001769,34410,봉곡동종점,3017012600,대전광역시,서구,봉곡동,X,36.27545,127.320625
1242,185003349,8001767,34420,봉곡1통,3017012600,대전광역시,서구,봉곡동,X,36.273205,127.325714
1243,185003350,8001768,34430,봉곡1통,3017012600,대전광역시,서구,봉곡동,X,36.273228,127.32586
1244,185003351,8001765,34440,봉곡,3017012600,대전광역시,서구,봉곡동,X,36.27055,127.32827
1245,185003352,8001766,34450,봉곡,3017012600,대전광역시,서구,봉곡동,X,36.270626,127.32837
1246,185003107,8001897,34460,상보안,3017012700,대전광역시,서구,괴곡동,X,36.276512,127.3458
1247,185003108,8001896,34470,상보안,3017012700,대전광역시,서구,괴곡동,O,36.276413,127.34595
1248,185003109,8001107,34480,대전추모공원입구,3017012700,대전광역시,서구,괴곡동,X,36.279682,127.34707
1249,185003110,8001108,34490,대전추모공원입구,3017012700,대전광역시,서구,괴곡동,X,36.27981,127.34718
1250,185003111,8001127,34500,고릿골구름다리,3017012700,대전광역시,서구,괴곡동,X,36.28589,127.35225
1251,185003112,8001126,34510,고릿골구름다리,3017012700,대전광역시,서구,괴곡동,X,36.285625,127.352394
1252,185003114,8001720,34520,벌말,3017012700,대전광역시,서구,괴곡동,X,36.280983,127.35445
1253,185003113,8001128,34530,괴곡동.고리골,3017012700,대전광역시,서구,괴곡동,X,36.288486,127.35376
1254,185003116,8001129,34540,괴곡동.고리골,3017012700,대전광역시,서구,괴곡동,X,36.288364,127.35451
1255,185003115,8001719,34550,벌말,3017012700,대전광역시,서구,괴곡동,X,36.280823,127.35441
1256,185003117,8001621,34560,모세골,3017012700,대전광역시,서구,괴곡동,X,36.28804,127.36048
1257,185003118,8001620,34570,모세골,3017012700,대전광역시,서구,괴곡동,X,36.28792,127.36061
1258,185003119,8002384,34580,원정림,3017012700,대전광역시,서구,괴곡동,X,36.289658,127.360954
1259,185003120,8002383,34590,원정림,3017012700,대전광역시,서구,괴곡동,X,36.289787,127.36113
1260,185003121,8001682,34620,반지리,3017012700,대전광역시,서구,괴곡동,X,36.282787,127.36216
1261,185003122,8001683,34630,반지리,3017012700,대전광역시,서구,괴곡동,X,36.282818,127.362404
1262,185003124,8001973,34640,선골,3017012700,대전광역시,서구,괴곡동,X,36.278584,127.36598
1263,185003123,8001974,34650,선골,3017012700,대전광역시,서구,괴곡동,X,36.278587,127.36582
1264,185003289,8001595,34660,만년고등학교,3017012800,대전광역시,서구,만년동,X,36.36777,127.37283
1265,185003290,8005908,34670,둔천초등학교,3017012800,대전광역시,서구,만년동,X,36.36903,127.374466
1266,185003291,8001073,34680,강변아파트,3017012800,대전광역시,서구,만년동,X,36.36743,127.37552
1267,185003292,8001598,34690,만년중학교,3017012800,대전광역시,서구,만년동,X,36.367176,127.37566
1268,185003293,8001597,34700,만년동,3017012800,대전광역시,서구,만년동,X,36.365078,127.3757
1269,185003295,8001922,34710,서구보건소,3017012800,대전광역시,서구,만년동,O,36.36827,127.37935
1270,185003296,8001923,34720,서구보건소,3017012800,대전광역시,서구,만년동,O,36.36857,127.37971
1271,185003297,8001395,34730,대전예술의전당,3017012800,대전광역시,서구,만년동,O,36.364975,127.38449
1272,185003298,8002081,34740,한밭수목원,3017012800,대전광역시,서구,만년동,O,36.364937,127.38877
1273,185003299,8005926,34780,천연기념물센터,3017012800,대전광역시,서구,만년동,O,36.367397,127.39311
1274,185003301,8005927,34790,천연기념물센터,3017012800,대전광역시,서구,만년동,X,36.367416,127.393555
1275,186004968,8002679,40010,진잠초등학교,3020010100,대전광역시,유성구,원내동,O,36.301,127.315384
1276,186004969,8002675,40020,원내동,3020010100,대전광역시,유성구,원내동,X,36.29878,127.31603
1277,186004970,8002676,40030,원내동,3020010100,대전광역시,유성구,원내동,O,36.2988,127.31613
1278,186004070,8002673,40050,진잠향교,3020010100,대전광역시,유성구,원내동,O,36.303165,127.316635
1279,186004624,8002678,40060,진잠중학교,3020010100,대전광역시,유성구,원내동,O,36.29632,127.3173
1280,186004623,8002677,40070,진잠중학교,3020010100,대전광역시,유성구,원내동,X,36.296177,127.317154
1281,186004629,8001946,40100,서대전IC,3020010100,대전광역시,유성구,원내동,X,36.294,127.31839
1282,186004633,8002352,40110,원내네거리,3020010100,대전광역시,유성구,원내동,O,36.2997,127.318184
1283,186004637,8002351,40120,원내네거리,3020010100,대전광역시,유성구,원내동,O,36.29977,127.31898
1284,186004635,8002574,40140,제이파크아파트,3020010100,대전광역시,유성구,원내동,O,36.303707,127.31873
1285,186004643,8005858,40160,진잠타운아파트,3020010100,대전광역시,유성구,원내동,X,36.297318,127.32017
1286,186004645,8005859,40170,진잠타운아파트,3020010100,대전광역시,유성구,원내동,O,36.297245,127.32031
1287,186004648,8001944,40180,서대전IC,3020010100,대전광역시,유성구,원내동,O,36.29332,127.32043
1288,186004649,8002681,40200,진잠타운아파트,3020010100,대전광역시,유성구,원내동,X,36.295723,127.321304
1289,186004650,8001916,40210,샘물타운아파트,3020010100,대전광역시,유성구,원내동,O,36.29987,127.32176
1290,186004651,8001915,40220,샘물타운아파트,3020010100,대전광역시,유성구,원내동,O,36.29973,127.32204
1291,186004652,8001914,40230,샘물타운아파트,3020010100,대전광역시,유성구,원내동,X,36.298393,127.32307
1292,186004632,8002355,40080,원내동공영차고지,3020010100,대전광역시,유성구,원내동,X,36.29267,127.318375
1293,186004975,8003106,40080,원내동공영차고지종점,3020010100,대전광역시,유성구,원내동,X,36.291992,127.31991
1294,186004973,8070009,45610,한아름아파트,3020010100,대전광역시,유성구,원내동,O,36.29591,127.319565
1295,186004974,8070008,45620,대전도시과학고등학교,3020010100,대전광역시,유성구,원내동,X,36.296066,127.319496
1296,186004653,8001584,46520,롯데마트서대전점,3020010100,대전광역시,유성구,원내동,O,36.30045,127.32627
1297,186004654,8001158,46530,신선마을아파트,3020010100,대전광역시,유성구,원내동,O,36.30164,127.32975
1298,186004626,8005699,5699,진잠감리교회,3020010100,대전광역시,유성구,원내동,X,36.302357,127.3174
1299,186004628,8005700,5700,원내동,3020010100,대전광역시,유성구,원내동,X,36.30003,127.317856
1300,186004627,8005707,5707,원내동,3020010100,대전광역시,유성구,원내동,X,36.29995,127.317726
1301,186004625,8005708,5708,진잠농협,3020010100,대전광역시,유성구,원내동,X,36.30201,127.31735
1302,186004646,8005705,80040,샘물타운,3020010100,대전광역시,유성구,원내동,X,36.29882,127.32031
1303,186004642,8005652,82130,샘물타운,3020010100,대전광역시,유성구,원내동,X,36.298782,127.320114
1304,186004069,8002674,40040,진잠향교,3020010200,대전광역시,유성구,교촌동,O,36.30332,127.31658
1305,186004082,8002575,40090,제이파크아파트,3020010200,대전광역시,유성구,교촌동,O,36.30404,127.319435
1306,186004081,8002948,40130,한승미메이드아파트,3020010200,대전광역시,유성구,교촌동,O,36.30684,127.319336
1307,186004083,8002949,40150,한승미메이드아파트,3020010200,대전광역시,유성구,교촌동,O,36.306267,127.31981
1308,186004079,8001138,40240,교도소입구,3020010200,대전광역시,유성구,교촌동,X,36.308952,127.31843
1309,186004077,8001137,40250,교도소입구,3020010200,대전광역시,유성구,교촌동,O,36.30974,127.31823
1310,186004068,8005584,45460,진잠초등학교,3020010200,대전광역시,유성구,교촌동,O,36.300694,127.3153
1311,186004072,8005711,82110,교촌동,3020010200,대전광역시,유성구,교촌동,X,36.311394,127.31724
1312,186004222,8003001,40320,화물터미널,3020010300,대전광역시,유성구,대정동,X,36.31635,127.31892
1313,186004225,8001577,45300,한샘근린공원,3020010300,대전광역시,유성구,대정동,X,36.31537,127.31984
1314,186004226,8005714,45300,드리움공원,3020010300,대전광역시,유성구,대정동,X,36.315506,127.31987
1315,186004231,8001578,45310,한샘근린공원,3020010300,대전광역시,유성구,대정동,O,36.315403,127.32004
1316,186004232,8005693,45310,드리움공원,3020010300,대전광역시,유성구,대정동,X,36.31542,127.32004
1317,186004930,8001439,40260,대정동,3020010300,대전광역시,유성구,대정동,O,36.319748,127.31369
1318,186004212,8001440,40270,대정동,3020010300,대전광역시,유성구,대정동,O,36.319496,127.31408
1319,186004214,8002275,40280,용머리,3020010300,대전광역시,유성구,대정동,X,36.316544,127.31473
1320,186004216,8001438,40290,대정2통,3020010300,대전광역시,유성구,대정동,X,36.315563,127.315384
1321,186004220,8001140,40300,교촌3통,3020010300,대전광역시,유성구,대정동,X,36.31188,127.31859
1322,186004219,8001141,40310,교촌3통,3020010300,대전광역시,유성구,대정동,X,36.312122,127.31857
1323,186004224,8001580,40330,드리움아파트,3020010300,대전광역시,유성구,대정동,O,36.31222,127.31981
1324,186004935,8001579,40340,드리움아파트,3020010300,대전광역시,유성구,대정동,O,36.313576,127.32004
1325,186004235,8001136,40350,교도소,3020010300,대전광역시,유성구,대정동,X,36.31144,127.325195
1326,186004934,8005978,40320,화물터미널,3020010300,대전광역시,유성구,대정동,X,36.3184,127.32007
1327,186004221,8005715,80230,화물터미널,3020010300,대전광역시,유성구,대정동,X,36.31605,127.31886
1328,186004588,8002669,40370,밀머리네거리,3020010400,대전광역시,유성구,용계동,X,36.32413,127.3119
1329,186004593,8002273,40380,용계동종점,3020010400,대전광역시,유성구,용계동,X,36.32549,127.32923
1330,186004595,8002268,40390,용계2통,3020010400,대전광역시,유성구,용계동,X,36.326942,127.32982
1331,186004596,8002267,40400,용계2통,3020010400,대전광역시,유성구,용계동,X,36.32693,127.32988
1332,186004599,8002272,40410,용계동접수마을,3020010400,대전광역시,유성구,용계동,X,36.32932,127.33084
1333,186004600,8002271,40420,용계동접수마을,3020010400,대전광역시,유성구,용계동,X,36.329334,127.33091
1334,186004586,8001092,40500,계산동,3020010400,대전광역시,유성구,용계동,X,36.32584,127.31161
1335,186004594,8005933,40380,용계동종점,3020010400,대전광역시,유성구,용계동,X,36.32538,127.329315
1336,186004597,8002269,41760,용계동,3020010400,대전광역시,유성구,용계동,X,36.33154,127.33016
1337,186004598,8002270,41770,용계동,3020010400,대전광역시,유성구,용계동,X,36.331398,127.33028
1338,186004602,8005930,45350,목원대학사마을,3020010400,대전광역시,유성구,용계동,X,36.327198,127.33465
1339,186004604,8005931,45360,목원대학사마을,3020010400,대전광역시,유성구,용계동,X,36.327095,127.33472
1340,186004603,8005929,45370,용계54통,3020010400,대전광역시,유성구,용계동,X,36.324844,127.33472
1341,186004605,8005932,45380,용계54통,3020010400,대전광역시,유성구,용계동,X,36.324825,127.33476
1342,186004601,8007156,46130,법원등기국,3020010400,대전광역시,유성구,용계동,O,36.332092,127.33451
1343,186004873,8002104,40430,온마음병원,3020010500,대전광역시,유성구,학하동,X,36.331535,127.31168
1344,186004875,8002105,40440,온마음병원,3020010500,대전광역시,유성구,학하동,X,36.331585,127.31187
1345,186004876,8002867,40450,학하초등학교,3020010500,대전광역시,유성구,학하동,O,36.33476,127.312645
1346,186004878,8002868,40460,학하초등학교,3020010500,대전광역시,유성구,학하동,O,36.334797,127.31284
1347,186004884,8002864,40470,학하동,3020010500,대전광역시,유성구,학하동,X,36.337673,127.31496
1348,186004882,8002863,40480,학하동,3020010500,대전광역시,유성구,학하동,O,36.33738,127.314766
1349,186004022,8003071,45780,미학아파트,3020010500,대전광역시,유성구,학하동,O,36.343277,127.30327
1350,186004023,8003070,45790,리빙포레아파트,3020010500,대전광역시,유성구,학하동,O,36.343468,127.30337
1351,186004871,8007064,45950,별밭공원,3020010500,대전광역시,유성구,학하동,X,36.340622,127.305
1352,186004027,8002670,40360,밀머리네거리,3020010600,대전광역시,유성구,계산동,O,36.324165,127.31174
1353,186004025,8001093,40490,계산동,3020010600,대전광역시,유성구,계산동,O,36.325844,127.311424
1354,186004019,8003073,45800,학의뜰아파트,3020010600,대전광역시,유성구,계산동,X,36.33584,127.30183
1355,186004021,8003072,45810,학하동종점,3020010600,대전광역시,유성구,계산동,X,36.337196,127.30318
1356,186004024,8007065,45960,별밭공원,3020010600,대전광역시,유성구,계산동,O,36.33947,127.30446
1357,186004441,8001771,40510,성북1통마을회관,3020010700,대전광역시,유성구,성북동,X,36.31185,127.289406
1358,186004442,8001770,40520,성북1통마을회관,3020010700,대전광역시,유성구,성북동,X,36.31183,127.289505
1359,186004448,8002005,40530,성북1통신뜸앞,3020010700,대전광역시,유성구,성북동,X,36.30822,127.292854
1360,186004443,8002004,40540,성북1통신뜸앞,3020010700,대전광역시,유성구,성북동,X,36.308384,127.29133
1361,186004444,8002009,40550,성북2통마을회관앞,3020010700,대전광역시,유성구,성북동,X,36.30641,127.29155
1362,186004445,8002008,40560,성북2통마을회관앞,3020010700,대전광역시,유성구,성북동,X,36.30664,127.29163
1363,186004446,8002007,40570,성북2통동구나무,3020010700,대전광역시,유성구,성북동,X,36.3038,127.292625
1364,186004447,8002006,40580,성북2통동구나무,3020010700,대전광역시,유성구,성북동,X,36.303936,127.29271
1365,186004449,8002013,40590,성북3통굿개말길,3020010700,대전광역시,유성구,성북동,X,36.29852,127.29574
1366,186004450,8002012,40600,성북3통굿개말길,3020010700,대전광역시,유성구,성북동,X,36.298546,127.29593
1367,186004451,8002015,40610,성북3통마을회관,3020010700,대전광역시,유성구,성북동,X,36.294304,127.29933
1368,186004959,8002014,40620,성북3통마을회관,3020010700,대전광역시,유성구,성북동,X,36.29448,127.299416
1369,186004960,8002011,40630,성북3통,3020010700,대전광역시,유성구,성북동,X,36.293125,127.30067
1370,186004438,8002017,40790,성북동산림욕장,3020010700,대전광역시,유성구,성북동,X,36.315147,127.28231
1371,186004440,8002002,40800,성북1통,3020010700,대전광역시,유성구,성북동,X,36.31458,127.28457
1372,186004962,8002022,40640,세동종점,3020010800,대전광역시,유성구,세동,X,36.312447,127.26805
1373,186004459,8001069,40650,감골,3020010800,대전광역시,유성구,세동,X,36.304764,127.271416
1374,186004460,8001068,40660,감골,3020010800,대전광역시,유성구,세동,X,36.304787,127.27153
1375,186004461,8001513,40670,돌마루,3020010800,대전광역시,유성구,세동,X,36.300896,127.27199
1376,186004462,8001512,40680,돌마루,3020010800,대전광역시,유성구,세동,X,36.30066,127.27212
1377,186004463,8002182,40690,양새터골,3020010800,대전광역시,유성구,세동,X,36.302788,127.27215
1378,186004464,8002181,40700,양새터골,3020010800,대전광역시,유성구,세동,X,36.30257,127.27226
1379,186004465,8002624,40710,중세동,3020010800,대전광역시,유성구,세동,X,36.292896,127.27427
1380,186004466,8002623,40720,중세동,3020010800,대전광역시,유성구,세동,X,36.29288,127.27438
1381,186004469,8001867,40730,삼박골,3020010800,대전광역시,유성구,세동,X,36.29509,127.27477
1382,186004467,8001170,40740,구억들,3020010800,대전광역시,유성구,세동,X,36.288555,127.27451
1383,186004470,8001866,40750,삼박골,3020010800,대전광역시,유성구,세동,X,36.29499,127.27489
1384,186004468,8001171,40760,구억들,3020010800,대전광역시,유성구,세동,X,36.2886,127.27453
1385,186004473,8002021,40770,세동2통,3020010800,대전광역시,유성구,세동,X,36.284878,127.27648
1386,186004474,8002020,40780,세동2통,3020010800,대전광역시,유성구,세동,X,36.284863,127.27658
1387,186004471,8001820,40960,사봉,3020010800,대전광역시,유성구,세동,X,36.28306,127.27581
1388,186004472,8001819,40970,사봉,3020010800,대전광역시,유성구,세동,X,36.283073,127.275894
1389,186004458,8007098,45990,쉼터공동체,3020010800,대전광역시,유성구,세동,X,36.31051,127.26933
1390,186004457,8007099,46000,쉼터공동체,3020010800,대전광역시,유성구,세동,X,36.310482,127.26927
1391,186004490,8005866,40810,한배미뜰,3020010900,대전광역시,유성구,송정동,X,36.2904,127.2478
1392,186004491,8002936,40820,한배미뜰,3020010900,대전광역시,유성구,송정동,X,36.290466,127.24789
1393,186004493,8005867,40830,송정소징이,3020010900,대전광역시,유성구,송정동,X,36.28663,127.25
1394,186004494,8002062,40840,송정소징이,3020010900,대전광역시,유성구,송정동,X,36.286747,127.250084
1395,186004495,8002061,40850,송정동,3020010900,대전광역시,유성구,송정동,X,36.283485,127.252754
1396,186004496,8002057,40860,송정1통,3020010900,대전광역시,유성구,송정동,X,36.279114,127.25645
1397,186004497,8002058,40870,송정1통,3020010900,대전광역시,유성구,송정동,X,36.27987,127.25586
1398,186004498,8002060,40880,송정2통,3020010900,대전광역시,유성구,송정동,X,36.276085,127.26265
1399,186004499,8002059,40890,송정2통,3020010900,대전광역시,유성구,송정동,X,36.275784,127.262794
1400,186004324,8001558,40980,계룡과선교,3020011000,대전광역시,유성구,방동,X,36.267704,127.27868
1401,186004327,8005961,40980,계룡과선교,3020011000,대전광역시,유성구,방동,X,36.266254,127.281075
1402,186004318,8001696,40900,방동길,3020011000,대전광역시,유성구,방동,X,36.273525,127.26867
1403,186004945,8001695,40910,방동길,3020011000,대전광역시,유성구,방동,X,36.27205,127.26943
1404,186004321,8001688,40920,방동1통,3020011000,대전광역시,유성구,방동,X,36.27028,127.27361
1405,186004946,8001689,40930,방동1통,3020011000,대전광역시,유성구,방동,X,36.270863,127.27326
1406,186004947,8001687,40940,방동1통,3020011000,대전광역시,유성구,방동,X,36.27324,127.2741
1407,186004323,8001686,40950,방동1통,3020011000,대전광역시,유성구,방동,X,36.27322,127.274216
1408,186004326,8001559,40990,계룡과선교,3020011000,대전광역시,유성구,방동,X,36.26632,127.28078
1409,186004328,8002177,41010,알로에농장,3020011000,대전광역시,유성구,방동,X,36.266914,127.28483
1410,186004329,8002176,41020,알로에농장,3020011000,대전광역시,유성구,방동,X,36.26658,127.28543
1411,186004330,8001892,41030,삿갓집,3020011000,대전광역시,유성구,방동,X,36.267147,127.28883
1412,186004331,8001893,41040,삿갓집,3020011000,대전광역시,유성구,방동,X,36.267532,127.29001
1413,186004332,8002212,41050,방동3통,3020011000,대전광역시,유성구,방동,X,36.272034,127.29092
1414,186004333,8001690,41060,방동3통,3020011000,대전광역시,유성구,방동,X,36.271362,127.291214
1415,186004334,8002213,41070,엉고개,3020011000,대전광역시,유성구,방동,X,36.2761,127.2935
1416,186004335,8001691,41080,방동4통,3020011000,대전광역시,유성구,방동,X,36.279743,127.29987
1417,186004336,8001692,41090,방동4통,3020011000,대전광역시,유성구,방동,X,36.28068,127.30134
1418,186004337,8001694,41100,방동5통,3020011000,대전광역시,유성구,방동,X,36.28904,127.305046
1419,186004338,8001693,41110,방동5통,3020011000,대전광역시,유성구,방동,X,36.28906,127.305176
1420,186004339,8001699,41120,방동새운네,3020011000,대전광역시,유성구,방동,X,36.287792,127.30664
1421,186004340,8001698,41130,방동새운네,3020011000,대전광역시,유성구,방동,X,36.28786,127.306755
1422,186004341,8001702,41140,방동저수지,3020011000,대전광역시,유성구,방동,X,36.285984,127.30783
1423,186004342,8001701,41150,방동저수지,3020011000,대전광역시,유성구,방동,X,36.284855,127.30879
1424,186004344,8001700,41160,방동저수지,3020011000,대전광역시,유성구,방동,X,36.284565,127.3103
1425,186004343,8001697,41170,방동대교,3020011000,대전광역시,유성구,방동,X,36.2835,127.30988
1426,186004325,8001557,45980,계룡과선교,3020011000,대전광역시,유성구,방동,X,36.26698,127.28032
1427,186004404,8005519,32700,갑천역,3020011100,대전광역시,유성구,봉명동,X,36.3551,127.355064
1428,186004356,8002403,41180,봉명네거리,3020011100,대전광역시,유성구,봉명동,O,36.355713,127.3346
1429,186004357,8002402,41190,봉명네거리,3020011100,대전광역시,유성구,봉명동,O,36.355476,127.334816
1430,186004302,8002401,41200,유성자이아파트,3020011100,대전광역시,유성구,봉명동,O,36.35589,127.336685
1431,186004272,8001590,41210,봉명동우체국,3020011100,대전광역시,유성구,봉명동,O,36.35465,127.33812
1432,186004364,8001777,41220,온천1동주민센터,3020011100,대전광역시,유성구,봉명동,X,36.35292,127.338425
1433,186004365,8001776,41230,온천1동주민센터,3020011100,대전광역시,유성구,봉명동,X,36.352673,127.338554
1434,186004369,8001775,41240,봉명동,3020011100,대전광역시,유성구,봉명동,X,36.35035,127.33926
1435,186004371,8001774,41250,봉명동,3020011100,대전광역시,유성구,봉명동,O,36.350143,127.33929
1436,186004948,8001773,41260,유성온천역3번출구,3020011100,대전광역시,유성구,봉명동,O,36.35236,127.34094
1437,186004372,8002409,41270,유성온천역4번출구,3020011100,대전광역시,유성구,봉명동,O,36.354187,127.3398
1438,186004379,8001772,41280,유성온천역2번출구,3020011100,대전광역시,유성구,봉명동,O,36.351986,127.341034
1439,186004299,8002410,41290,유성온천역5번출구,3020011100,대전광역시,유성구,봉명동,O,36.35433,127.33983
1440,186004380,8002408,41300,유성온천역3번출구,3020011100,대전광역시,유성구,봉명동,O,36.353306,127.340996
1441,186004300,8002411,41320,유성온천역6번출구,3020011100,대전광역시,유성구,봉명동,O,36.35488,127.34153
1442,186004301,8002412,41330,유성온천역7번출구,3020011100,대전광역시,유성구,봉명동,O,36.354378,127.34202
1443,186004384,8002960,41340,한진오피스텔,3020011100,대전광역시,유성구,봉명동,O,36.356445,127.342064
1444,186004287,8002961,41350,온천교,3020011100,대전광역시,유성구,봉명동,O,36.357758,127.3426
1445,186004288,8002997,41360,온천교,3020011100,대전광역시,유성구,봉명동,O,36.35811,127.34342
1446,186004953,8001596,41370,만년교,3020011100,대전광역시,유성구,봉명동,O,36.351994,127.34679
1447,186004950,8003032,41380,만년교,3020011100,대전광역시,유성구,봉명동,O,36.352818,127.345505
1448,186004402,8002984,41390,홈플러스유성점,3020011100,대전광역시,유성구,봉명동,O,36.359398,127.3545
1449,186004403,8005921,45290,유림공원,3020011100,대전광역시,유성구,봉명동,O,36.359795,127.35468
1450,186004376,8005990,45500,도안센트럴시티,3020011100,대전광역시,유성구,봉명동,O,36.345154,127.34042
1451,186004398,8070013,45640,예미지7단지,3020011100,대전광역시,유성구,봉명동,O,36.347095,127.3479
1452,186004400,8070014,45660,봉명베르디움,3020011100,대전광역시,유성구,봉명동,O,36.350018,127.348145
1453,186004399,8070015,45670,봉명베르디움,3020011100,대전광역시,유성구,봉명동,O,36.350044,127.347946
1454,186004377,8070027,45700,유성온천역2번출구,3020011100,대전광역시,유성구,봉명동,O,36.351593,127.34072
1455,186004951,8070023,45710,봉명중학교,3020011100,대전광역시,유성구,봉명동,O,36.3487,127.34562
1456,186004952,8070024,45720,예미지7단지,3020011100,대전광역시,유성구,봉명동,O,36.34843,127.346176
1457,186004387,8070025,45730,봉명초등학교,3020011100,대전광역시,유성구,봉명동,O,36.348774,127.342316
1458,186004386,8070026,45740,도안센트럴시티,3020011100,대전광역시,유성구,봉명동,O,36.348476,127.34224
1459,186004367,8005726,82090,유성온천역,3020011100,대전광역시,유성구,봉명동,X,36.353634,127.33867
1460,186004368,8005681,82160,유성온천역,3020011100,대전광역시,유성구,봉명동,X,36.353737,127.33895
1461,186004118,8002419,41500,유성생명과학고,3020011200,대전광역시,유성구,구암동,X,36.34947,127.326836
1462,186004108,8002923,41400,덕명네거리,3020011200,대전광역시,유성구,구암동,O,36.36027,127.30627
1463,186004109,8002922,41410,덕명네거리,3020011200,대전광역시,유성구,구암동,O,36.35952,127.30905
1464,186004110,8002589,41420,주유소,3020011200,대전광역시,유성구,구암동,O,36.359062,127.30973
1465,186004111,8001163,41430,구암8통,3020011200,대전광역시,유성구,구암동,X,36.35921,127.313835
1466,186004112,8001162,41440,구암8통,3020011200,대전광역시,유성구,구암동,X,36.35907,127.31484
1467,186004113,8002974,41450,현충원역3번출구,3020011200,대전광역시,유성구,구암동,O,36.359623,127.319695
1468,186004114,8002973,41460,현충원역1번출구,3020011200,대전광역시,유성구,구암동,O,36.35935,127.32171
1469,186004116,8002418,41510,유성생명과학고,3020011200,대전광역시,유성구,구암동,X,36.347733,127.32573
1470,186004913,8001167,41520,구암동,3020011200,대전광역시,유성구,구암동,O,36.34947,127.326836
1471,186004120,8001166,41530,구암동,3020011200,대전광역시,유성구,구암동,O,36.349415,127.327065
1472,186004122,8001219,41540,정보통신공사협회,3020011200,대전광역시,유성구,구암동,O,36.353104,127.32979
1473,186004121,8001220,41550,유성구보건소,3020011200,대전광역시,유성구,구암동,O,36.35344,127.32967
1474,186004126,8001168,41560,유성시외버스정류소,3020011200,대전광역시,유성구,구암동,O,36.356045,127.330986
1475,186004127,8001169,41570,유성시외버스정류소,3020011200,대전광역시,유성구,구암동,O,36.355785,127.3312
1476,186004916,8001704,41580,유성구보훈회관,3020011200,대전광역시,유성구,구암동,O,36.351788,127.33177
1477,186004921,8001703,41590,유성구보훈회관,3020011200,대전광역시,유성구,구암동,O,36.351322,127.332664
1478,186004140,8002392,41600,유성고등학교,3020011200,대전광역시,유성구,구암동,O,36.350636,127.33555
1479,186004924,8002393,41610,유성고등학교,3020011200,대전광역시,유성구,구암동,O,36.350883,127.335625
1480,186005214,8007540,41870,구암역,3020011200,대전광역시,유성구,구암동,O,36.356293,127.33237
1481,186005215,8007541,41880,구암역,3020011200,대전광역시,유성구,구암동,O,36.35619,127.33231
1482,186004424,8005658,80450,목련아파트,3020011200,대전광역시,유성구,구암동,X,36.346638,127.33091
1483,186004429,8005826,80460,유성고후문,3020011200,대전광역시,유성구,구암동,X,36.34846,127.33423
1484,186004914,8005660,80480,원불교유성교당,3020011200,대전광역시,유성구,구암동,X,36.350704,127.33156
1485,186004922,8005829,80550,구암동,3020011200,대전광역시,유성구,구암동,X,36.35337,127.33268
1486,186004917,8005968,82080,구암역,3020011200,대전광역시,유성구,구암동,X,36.356186,127.33208
1487,186004918,8005967,82170,구암역,3020011200,대전광역시,유성구,구암동,X,36.356323,127.332405
1488,186004915,8005828,82260,원불교유성교당,3020011200,대전광역시,유성구,구암동,X,36.35071,127.33176
1489,186004923,8005656,82270,구암동,3020011200,대전광역시,유성구,구암동,X,36.3534,127.33288
1490,186004427,8007027,82560,한라비발디아파트,3020011200,대전광역시,유성구,구암동,X,36.342968,127.333496
1491,186004955,8007029,82580,도안휴먼시아4단지,3020011200,대전광역시,유성구,구암동,X,36.34618,127.33565
1492,186004242,8002077,41650,수통골기점지,3020011300,대전광역시,유성구,덕명동,X,36.346115,127.29533
1493,186004238,8003002,41660,수통골삼거리,3020011300,대전광역시,유성구,덕명동,X,36.348263,127.29597
1494,186004243,8003003,41670,수통골삼거리,3020011300,대전광역시,유성구,덕명동,X,36.348057,127.29619
1495,186004239,8002921,41680,한밭대학교,3020011300,대전광역시,유성구,덕명동,O,36.35188,127.29814
1496,186004244,8002920,41690,한밭대학교,3020011300,대전광역시,유성구,덕명동,O,36.350746,127.29754
1497,186004245,8001185,41700,국립대전현충원,3020011300,대전광역시,유성구,덕명동,X,36.36055,127.29998
1498,186004240,8001878,41710,삼성화재연수원,3020011300,대전광역시,유성구,덕명동,X,36.35427,127.30049
1499,186004246,8001184,41720,국립대전현충원,3020011300,대전광역시,유성구,덕명동,O,36.36036,127.30081
1500,186004248,8001877,41730,삼성화재연수원,3020011300,대전광역시,유성구,덕명동,O,36.354305,127.30093
1501,186004251,8002141,41740,하우스토리/신협연수원,3020011300,대전광역시,유성구,덕명동,O,36.35838,127.304085
1502,186004241,8002142,41750,운암네오미아/신협연수원,3020011300,대전광역시,유성구,덕명동,O,36.3583,127.303566
1503,186004016,8003069,45760,수통골입구,3020011300,대전광역시,유성구,덕명동,O,36.34852,127.29774
1504,186004015,8003068,45770,수통골입구,3020011300,대전광역시,유성구,덕명동,O,36.34874,127.29758
1505,186004249,8070045,45820,유성숲오투그란데,3020011300,대전광역시,유성구,덕명동,O,36.34608,127.301254
1506,186004250,8070046,45830,덕명중학교,3020011300,대전광역시,유성구,덕명동,O,36.34625,127.30137
1507,186004018,8003074,46550,학하동,3020011300,대전광역시,유성구,덕명동,X,36.336056,127.30122
1508,186004870,8007023,82440,미학아파트,3020011300,대전광역시,유성구,덕명동,X,36.34193,127.30295
1509,186004880,8007025,82480,자광사,3020011300,대전광역시,유성구,덕명동,X,36.338432,127.31286
1510,186004879,8007024,82490,자광사,3020011300,대전광역시,유성구,덕명동,X,36.338562,127.31284
1511,186004661,8070029,41800,흥도초등학교,3020011400,대전광역시,유성구,원신흥동,O,36.333828,127.3381
1512,186004663,8070030,41810,흥도초등학교,3020011400,대전광역시,유성구,원신흥동,O,36.333813,127.33826
1513,186004665,8003102,41820,목원대네거리,3020011400,대전광역시,유성구,원신흥동,O,36.332363,127.339554
1514,186004672,8002184,41900,어울림하트 12단지,3020011400,대전광역시,유성구,원신흥동,O,36.332397,127.34395
1515,186004678,8002364,41910,원신흥동,3020011400,대전광역시,유성구,원신흥동,O,36.338203,127.349075
1516,186004679,8002363,41920,원신흥동,3020011400,대전광역시,유성구,원신흥동,O,36.33732,127.34969
1517,186004676,8005996,45470,신안인스빌,3020011400,대전광역시,유성구,원신흥동,O,36.342506,127.34701
1518,186004677,8005997,45480,신안인스빌,3020011400,대전광역시,유성구,원신흥동,O,36.341732,127.34757
1519,186004660,8005992,45510,도안고등학교,3020011400,대전광역시,유성구,원신흥동,O,36.337738,127.338036
1520,186004662,8005991,45520,도안고등학교,3020011400,대전광역시,유성구,원신흥동,O,36.33707,127.33826
1521,186004655,8007155,46120,법원등기국,3020011400,대전광역시,유성구,원신흥동,O,36.33241,127.334694
1522,186005126,8007177,46510,옥녀봉체육공원,3020011400,대전광역시,유성구,원신흥동,O,36.332397,127.34698
1523,186004430,8007028,41500,유성중학교,3020011500,대전광역시,유성구,상대동,X,36.346176,127.33553
1524,186004375,8005993,45490,휴먼시아4단지,3020011500,대전광역시,유성구,상대동,O,36.346264,127.34013
1525,186004435,8003099,45880,트리풀시티9단지,3020011500,대전광역시,유성구,상대동,O,36.341614,127.33818
1526,186004437,8003100,45890,트리풀시티9단지,3020011500,대전광역시,유성구,상대동,O,36.341488,127.33867
1527,186004426,8007100,80470,유성생명과학고,3020011500,대전광역시,유성구,상대동,X,36.348442,127.33176
1528,186004425,8005825,82240,목련아파트,3020011500,대전광역시,유성구,상대동,X,36.34664,127.33097
1529,186004428,8007026,82570,한라비발디아파트,3020011500,대전광역시,유성구,상대동,X,36.3431,127.333496
1530,186004350,8001758,41950,복용동,3020011600,대전광역시,유성구,복용동,X,36.339214,127.31691
1531,186004351,8001759,41960,복용동,3020011600,대전광역시,유성구,복용동,X,36.339138,127.31709
1532,186004353,8001756,41970,복용2통,3020011600,대전광역시,유성구,복용동,O,36.340748,127.31869
1533,186004352,8001757,41980,복용2통,3020011600,대전광역시,유성구,복용동,X,36.34099,127.318634
1534,186004354,8007169,46240,오토월드,3020011600,대전광역시,유성구,복용동,X,36.34259,127.32124
1535,186004543,8002597,41990,죽동네거리,3020011700,대전광역시,유성구,장대동,O,36.366863,127.33159
1536,186004544,8002596,42000,죽동네거리,3020011700,대전광역시,유성구,장대동,O,36.366,127.33288
1537,186004708,8002404,42010,유성시장,3020011700,대전광역시,유성구,장대동,O,36.358906,127.33311
1538,186004707,8002405,42020,유성시장,3020011700,대전광역시,유성구,장대동,O,36.358654,127.33318
1539,186004702,8002417,42030,KT유성지사,3020011700,대전광역시,유성구,장대동,X,36.36287,127.334404
1540,186004711,8005573,42040,유성시장,3020011700,대전광역시,유성구,장대동,X,36.357235,127.33475
1541,186004701,8002416,42050,KT유성지사,3020011700,대전광역시,유성구,장대동,X,36.361942,127.33486
1542,186004710,8005574,42060,유성시장,3020011700,대전광역시,유성구,장대동,X,36.35735,127.33444
1543,186004714,8001282,42070,장대네거리,3020011700,대전광역시,유성구,장대동,O,36.36545,127.335724
1544,186004715,8002493,42080,유성초네거리,3020011700,대전광역시,유성구,장대동,O,36.361412,127.336006
1545,186004719,8002492,42090,유성초네거리,3020011700,대전광역시,유성구,장대동,O,36.361187,127.33618
1546,186004533,8002395,42100,유성고속터미널,3020011700,대전광역시,유성구,장대동,O,36.358776,127.33625
1547,186004534,8002394,42110,유성고속터미널,3020011700,대전광역시,유성구,장대동,O,36.35832,127.336395
1548,186004724,8001194,42120,장대네거리,3020011700,대전광역시,유성구,장대동,O,36.363605,127.3376
1549,186004726,8001195,42140,장대네거리,3020011700,대전광역시,유성구,장대동,O,36.364986,127.33864
1550,186004729,8002494,42150,장대중학교,3020011700,대전광역시,유성구,장대동,O,36.360867,127.33898
1551,186004728,8002495,42160,장대초등학교,3020011700,대전광역시,유성구,장대동,X,36.361195,127.33887
1552,186004713,8005928,45280,온천2동주민센터,3020011700,대전광역시,유성구,장대동,O,36.365158,127.33516
1553,186004010,8001071,42170,갑동,3020011800,대전광역시,유성구,갑동,O,36.36042,127.28859
1554,186004011,8001070,42180,갑동,3020011800,대전광역시,유성구,갑동,X,36.3606,127.28879
1555,186004012,8002421,42190,유성컨트리클럽,3020011800,대전광역시,유성구,갑동,X,36.360207,127.29419
1556,186004013,8002420,42200,유성컨트리클럽,3020011800,대전광역시,유성구,갑동,O,36.359997,127.29443
1557,186004191,8001270,42210,노은농수산시장,3020011900,대전광역시,유성구,노은동,O,36.364708,127.31764
1558,186004147,8002376,42220,월드컵경기장역,3020011900,대전광역시,유성구,노은동,O,36.36885,127.317825
1559,186004193,8001271,42240,노은농수산시장,3020011900,대전광역시,유성구,노은동,X,36.364563,127.317955
1560,186004148,8002375,42250,월드컵경기장역,3020011900,대전광역시,유성구,노은동,O,36.368183,127.31803
1561,186004141,8001269,42260,노은농수산물시장,3020011900,대전광역시,유성구,노은동,O,36.367016,127.321205
1562,186004142,8001268,42270,노은농수산물시장,3020011900,대전광역시,유성구,노은동,O,36.366756,127.32178
1563,186004197,8005903,42280,노은동화훼단지,3020011900,대전광역시,유성구,노은동,X,36.37,127.326904
1564,186004198,8005905,42290,노은동화훼단지,3020011900,대전광역시,유성구,노은동,X,36.369205,127.327194
1565,186004190,8070043,46070,수정초등학교,3020011900,대전광역시,유성구,노은동,X,36.36711,127.31431
1566,186004189,8070044,46080,수정초등학교,3020011900,대전광역시,유성구,노은동,X,36.36665,127.313965
1567,187001447,8007362,46480,월드컵경기장역,3020011900,대전광역시,유성구,노은동,X,36.366688,127.31621
1568,187001448,8007395,46490,월드컵경기장역,3020011900,대전광역시,유성구,노은동,O,36.36713,127.31612
1569,186004805,8005553,42300,반석고등학교,3020012000,대전광역시,유성구,지족동,O,36.3887,127.312546
1570,186004806,8005554,42310,반석고등학교,3020012000,대전광역시,유성구,지족동,X,36.38806,127.31297
1571,186004807,8005902,42320,반석마을3단지,3020012000,대전광역시,유성구,지족동,O,36.38708,127.31569
1572,186004622,8001272,42330,노은역,3020012000,대전광역시,유성구,지족동,O,36.374153,127.31789
1573,186004811,8002663,42350,지족초등학교,3020012000,대전광역시,유성구,지족동,O,36.37951,127.31779
1574,186004640,8001273,42360,노은역,3020012000,대전광역시,유성구,지족동,O,36.374744,127.318085
1575,186004641,8002664,42370,지족초등학교,3020012000,대전광역시,유성구,지족동,O,36.37997,127.318214
1576,186004818,8002210,42400,열매마을5.6단지,3020012000,대전광역시,유성구,지족동,O,36.37603,127.31961
1577,186004817,8002211,42410,열매마을5.6단지,3020012000,대전광역시,유성구,지족동,O,36.37586,127.31961
1578,186004823,8002659,42460,지족동,3020012000,대전광역시,유성구,지족동,O,36.380142,127.32301
1579,186004824,8002406,42480,유성경찰서,3020012000,대전광역시,유성구,지족동,O,36.37679,127.324265
1580,186004826,8002407,42490,유성경찰서,3020012000,대전광역시,유성구,지족동,O,36.3777,127.32474
1581,186004827,8005904,42500,유성선병원,3020012000,대전광역시,유성구,지족동,O,36.375744,127.32528
1582,186004620,8006002,45530,노은도서관,3020012000,대전광역시,유성구,지족동,X,36.38236,127.31911
1583,186004621,8006003,45540,노은도서관,3020012000,대전광역시,유성구,지족동,X,36.38208,127.31927
1584,186004801,8007019,45930,노은휴먼시아4단지,3020012000,대전광역시,유성구,지족동,O,36.37771,127.30402
1585,186004809,8007066,45970,반석네거리,3020012000,대전광역시,유성구,지족동,O,36.38697,127.317856
1586,186001449,8007161,46160,꿈에그린아파트,3020012000,대전광역시,유성구,지족동,O,36.388344,127.30299
1587,186004804,8007162,46170,꿈에그린아파트,3020012000,대전광역시,유성구,지족동,O,36.387886,127.30325
1588,186001450,8007163,46180,해랑숲마을5단지,3020012000,대전광역시,유성구,지족동,O,36.385983,127.30446
1589,186004800,8007164,46190,해랑숲마을5단지,3020012000,대전광역시,유성구,지족동,O,36.38605,127.304214
1590,186001451,8007165,46200,해랑숲마을6단지,3020012000,대전광역시,유성구,지족동,O,36.386375,127.308395
1591,186004798,8007166,46210,계룡리슈빌아파트,3020012000,대전광역시,유성구,지족동,O,36.385616,127.30856
1592,186001452,8007167,46220,새미래중학교,3020012000,대전광역시,유성구,지족동,X,36.379047,127.30589
1593,186004977,8007168,46230,새미래중학교,3020012000,대전광역시,유성구,지족동,X,36.37908,127.30605
1594,187001443,8007208,46290,에코힐7단지,3020012000,대전광역시,유성구,지족동,O,36.382023,127.30592
1595,187001442,8007209,46300,트리풀시티포레1단지,3020012000,대전광역시,유성구,지족동,O,36.381172,127.30612
1596,187001441,8007339,46440,영무예다음아파트,3020012000,대전광역시,유성구,지족동,O,36.374214,127.30568
1597,187001445,8007340,46450,영무예다음아파트,3020012000,대전광역시,유성구,지족동,O,36.3744,127.30516
1598,187001444,8007356,46460,노은휴먼시아4단지,3020012000,대전광역시,유성구,지족동,O,36.37788,127.30423
1599,186004797,8001196,42130,궁동교,3020012100,대전광역시,유성구,죽동,O,36.36625,127.33871
1600,186004822,8002415,42450,유성장애인복지관,3020012100,대전광역시,유성구,죽동,O,36.381176,127.32298
1601,186004795,8005575,42510,유성여고,3020012100,대전광역시,유성구,죽동,O,36.3808,127.32702
1602,186004796,8005576,42520,유성여고,3020012100,대전광역시,유성구,죽동,O,36.38087,127.327065
1603,186004793,8007103,46090,유성구청소년수련관,3020012100,대전광역시,유성구,죽동,X,36.38097,127.3235
1604,186004143,8002741,42530,충대서문,3020012200,대전광역시,유성구,궁동,O,36.369427,127.34012
1605,186004144,8002742,42540,충대서문,3020012200,대전광역시,유성구,궁동,O,36.37055,127.34012
1606,186004926,8002740,42550,북대전세무서/보훈요양원,3020012200,대전광역시,유성구,궁동,O,36.374523,127.34144
1607,186004149,8002739,42560,북대전세무서/보훈요양원,3020012200,대전광역시,유성구,궁동,O,36.37433,127.34173
1608,186004152,8002348,42570,우주통신연구소,3020012200,대전광역시,유성구,궁동,O,36.377274,127.34237
1609,186004153,8002738,42580,충대수의대,3020012200,대전광역시,유성구,궁동,O,36.37747,127.34274
1610,186004155,8002722,42590,충남대학교,3020012200,대전광역시,유성구,궁동,O,36.36265,127.34368
1611,186004119,8002721,42600,충남대학교,3020012200,대전광역시,유성구,궁동,O,36.36156,127.34412
1612,186004159,8005516,42610,충남대학교,3020012200,대전광역시,유성구,궁동,O,36.360374,127.34432
1613,186004160,8002720,42620,충남대학교,3020012200,대전광역시,유성구,궁동,O,36.36136,127.34468
1614,186004161,8005589,42630,충남대산학연,3020012200,대전광역시,유성구,궁동,O,36.36524,127.345184
1615,186004162,8005590,42640,충남대산학연,3020012200,대전광역시,유성구,궁동,X,36.36533,127.34543
1616,186004164,8002725,42650,충남대학교입구,3020012200,대전광역시,유성구,궁동,O,36.361355,127.34603
1617,186004163,8005587,42660,충남대도서관,3020012200,대전광역시,유성구,궁동,O,36.36881,127.34573
1618,186004165,8005588,42670,충남대도서관,3020012200,대전광역시,유성구,궁동,X,36.369488,127.34661
1619,186004166,8001296,42680,다솔아파트,3020012200,대전광역시,유성구,궁동,O,36.36134,127.34719
1620,186004169,8001192,42690,궁동,3020012200,대전광역시,유성구,궁동,O,36.36067,127.34951
1621,186004170,8001193,42700,궁동,3020012200,대전광역시,유성구,궁동,O,36.360806,127.34954
1622,186004172,8002735,42710,충대농대입구,3020012200,대전광역시,유성구,궁동,O,36.36042,127.35253
1623,186004174,8002941,42720,한빛아파트,3020012200,대전광역시,유성구,궁동,O,36.36286,127.353004
1624,186004176,8002939,42730,한빛아파트,3020012200,대전광역시,유성구,궁동,X,36.36223,127.35318
1625,187001446,8007357,46470,충남대학교,3020012200,대전광역시,유성구,궁동,X,36.362354,127.34312
1626,186004167,8005832,80730,다솔아파트,3020012200,대전광역시,유성구,궁동,X,36.361347,127.34783
1627,186001447,8002737,42750,충대농대종점,3020012300,대전광역시,유성구,어은동,X,36.36593,127.351974
1628,186004568,8007072,42750,충대농대종점,3020012300,대전광역시,유성구,어은동,X,36.36739,127.352165
1629,186004561,8002736,42740,충대농대종점,3020012300,대전광역시,유성구,어은동,X,36.365704,127.352036
1630,186004573,8002398,42760,유성구청,3020012300,대전광역시,유성구,어은동,O,36.361366,127.356026
1631,186004576,8002399,42770,유성구청,3020012300,대전광역시,유성구,어은동,O,36.361675,127.35726
1632,186004578,8002940,42780,한빛아파트,3020012300,대전광역시,유성구,어은동,O,36.36263,127.35856
1633,186004579,8002879,42810,한국생명공학연구원,3020012300,대전광역시,유성구,어은동,X,36.377434,127.35991
1634,186004580,8003007,42820,한국지질자원연구원,3020012300,대전광역시,유성구,어은동,O,36.37712,127.36094
1635,186004564,8005887,5887,충남대농대앞,3020012300,대전광역시,유성구,어은동,X,36.368984,127.35198
1636,186004567,8005888,5888,충남대농대앞,3020012300,대전광역시,유성구,어은동,X,36.369057,127.3521
1637,186004575,8005772,80780,유성구청,3020012300,대전광역시,유성구,어은동,X,36.36248,127.35725
1638,186004570,8005770,80830,한빛아파트후문,3020012300,대전광역시,유성구,어은동,X,36.36376,127.35316
1639,186004571,8005771,80840,한빛아파트정문,3020012300,대전광역시,유성구,어은동,X,36.36414,127.35581
1640,186004091,8002872,42830,카이스트,3020012400,대전광역시,유성구,구성동,O,36.365097,127.36284
1641,186004093,8002873,42840,카이스트,3020012400,대전광역시,유성구,구성동,O,36.365772,127.364876
1642,186004094,8001113,42850,카이스트,3020012400,대전광역시,유성구,구성동,O,36.374435,127.366745
1643,186004095,8001114,42860,원자력안전기술원,3020012400,대전광역시,유성구,구성동,X,36.374493,127.36696
1644,186004096,8001160,42870,구성삼거리,3020012400,대전광역시,유성구,구성동,O,36.370495,127.36868
1645,186004099,8001431,42890,대전지방기상청,3020012400,대전광역시,유성구,구성동,O,36.36993,127.37101
1646,186004100,8001432,42900,대전지방기상청,3020012400,대전광역시,유성구,구성동,O,36.369877,127.37127
1647,186004103,8001742,42910,보건환경연구원,3020012400,대전광역시,유성구,구성동,O,36.372185,127.37444
1648,186004105,8001207,42920,금강유역환경청,3020012400,대전광역시,유성구,구성동,X,36.372276,127.375046
1649,186004107,8001182,42930,국립중앙과학관,3020012400,대전광역시,유성구,구성동,O,36.374023,127.37793
1650,186004546,8002897,42790,한국항공우주연구원,3020012500,대전광역시,유성구,신성동,O,36.37865,127.357735
1651,186004547,8002886,42800,한국항공우주연구원,3020012500,대전광역시,유성구,신성동,X,36.378883,127.35778
1652,186004519,8002397,42940,유성구노인복지관,3020012500,대전광역시,유성구,신성동,O,36.38425,127.345634
1653,186004521,8001997,42950,성덕중학교,3020012500,대전광역시,유성구,신성동,O,36.38632,127.34598
1654,186004522,8002956,42960,한울아파트후문,3020012500,대전광역시,유성구,신성동,O,36.385063,127.34603
1655,186004526,8001299,42970,KT&G연구소,3020012500,대전광역시,유성구,신성동,O,36.3842,127.34731
1656,186004523,8081299,42971,KT&G연구소,3020012500,대전광역시,유성구,신성동,X,36.38403,127.34612
1657,186004963,8002955,43000,하나아파트,3020012500,대전광역시,유성구,신성동,O,36.38478,127.349106
1658,186004536,8002109,43010,하나아파트,3020012500,대전광역시,유성구,신성동,O,36.38464,127.3502
1659,186004540,8002962,43020,한화솔루션중앙연구소,3020012500,대전광역시,유성구,신성동,O,36.38503,127.35277
1660,186004541,8002963,43030,한화솔루션중앙연구소,3020012500,대전광역시,유성구,신성동,O,36.385365,127.35298
1661,186004542,8002083,43040,시민천문대,3020012500,대전광역시,유성구,신성동,O,36.38432,127.35441
1662,186004965,8002084,43050,시민천문대,3020012500,대전광역시,유성구,신성동,X,36.38438,127.35464
1663,186004548,8002901,43070,한국에너지기술연구원,3020012500,대전광역시,유성구,신성동,O,36.385094,127.35838
1664,186004966,8002875,43360,한국기계연구원,3020012500,대전광역시,유성구,신성동,O,36.395924,127.35568
1665,186004527,8005664,81170,럭키하나아파트,3020012500,대전광역시,유성구,신성동,X,36.385933,127.347855
1666,186004528,8005758,81220,신성동주민센터,3020012500,대전광역시,유성구,신성동,X,36.388996,127.348015
1667,186004530,8005783,81230,신성동주민센터,3020012500,대전광역시,유성구,신성동,X,36.3893,127.348076
1668,186004964,8005663,81270,탄동농협,3020012500,대전광역시,유성구,신성동,X,36.390903,127.34964
1669,186004529,8005782,81990,럭키하나아파트,3020012500,대전광역시,유성구,신성동,X,36.38594,127.34803
1670,186004535,8005784,82000,탄동농협,3020012500,대전광역시,유성구,신성동,X,36.390785,127.34977
1671,186004539,8005756,82020,아리랑보쌈앞,3020012500,대전광역시,유성구,신성동,X,36.394287,127.35275
1672,186004001,8002882,43080,한국전자통신연구원,3020012600,대전광역시,유성구,가정동,O,36.383816,127.36686
1673,186004003,8002883,43090,과학기술연합대학원(UST),3020012600,대전광역시,유성구,가정동,O,36.38417,127.36712
1674,186004006,8001325,43110,대덕중학교,3020012600,대전광역시,유성구,가정동,O,36.37996,127.37843
1675,186004009,8001183,43190,국립중앙과학관,3020012600,대전광역시,유성구,가정동,O,36.37393,127.378044
1676,187001498,8002203,43210,국립중앙과학관입구,3020012600,대전광역시,유성구,가정동,O,36.376724,127.379036
1677,186004252,8002895,43100,한국표준과학연구원,3020012700,대전광역시,유성구,도룡동,O,36.385334,127.373116
1678,186004253,8002896,43120,한국표준과학연구원,3020012700,대전광역시,유성구,도룡동,O,36.38567,127.373116
1679,186004256,8001330,43130,SK뷰아파트,3020012700,대전광역시,유성구,도룡동,O,36.38554,127.37578
1680,186004258,8001329,43140,연구단지네거리,3020012700,대전광역시,유성구,도룡동,O,36.385826,127.37734
1681,186004261,8001102,43150,공동관리아파트,3020012700,대전광역시,유성구,도룡동,O,36.382385,127.37842
1682,187001496,8001312,43160,대덕고등학교,3020012700,대전광역시,유성구,도룡동,O,36.386528,127.37846
1683,186004264,8001324,43170,대덕중학교,3020012700,대전광역시,유성구,도룡동,O,36.380196,127.37876
1684,186004265,8001103,43180,공동관리아파트,3020012700,대전광역시,유성구,도룡동,O,36.382217,127.37878
1685,186004268,8001311,43200,대덕고등학교,3020012700,대전광역시,유성구,도룡동,O,36.386528,127.37881
1686,187001502,8002202,43220,신세계백화점,3020012700,대전광역시,유성구,도룡동,O,36.376846,127.37933
1687,186004937,8001326,43230,대덕터널입구,3020012700,대전광역시,유성구,도룡동,O,36.38845,127.37959
1688,186004273,8002206,43240,신세계백화점,3020012700,대전광역시,유성구,도룡동,O,36.374214,127.38232
1689,186004274,8002205,43250,신세계백화점,3020012700,대전광역시,유성구,도룡동,X,36.374287,127.38317
1690,186004275,8001650,43260,한빛탑,3020012700,대전광역시,유성구,도룡동,O,36.374237,127.38782
1691,186004276,8002204,43270,대전컨벤션센터,3020012700,대전광역시,유성구,도룡동,O,36.374107,127.38883
1692,186004282,8005901,43280,대전컨벤션센터,3020012700,대전광역시,유성구,도룡동,O,36.374454,127.392265
1693,186004279,8005964,43290,스마트시티2단지,3020012700,대전광역시,유성구,도룡동,X,36.37747,127.39015
1694,186004284,8005563,43310,스마트시티5단지,3020012700,대전광역시,유성구,도룡동,X,36.376144,127.39364
1695,186004285,8003047,43320,MBC/TJB방송국,3020012700,대전광역시,유성구,도룡동,O,36.374596,127.394844
1696,186004286,8003048,43330,MBC/TJB방송국,3020012700,대전광역시,유성구,도룡동,O,36.374832,127.395134
1697,186004278,8005925,45320,DCC종점,3020012700,대전광역시,유성구,도룡동,X,36.37622,127.38975
1698,186004283,8005950,45550,연구개발특구진흥재단,3020012700,대전광역시,유성구,도룡동,O,36.37544,127.39328
1699,186004734,8002900,43060,한국화학연구원,3020012800,대전광역시,유성구,장동,O,36.385452,127.35847
1700,186004730,8002745,43340,충렬사삼거리,3020012800,대전광역시,유성구,장동,X,36.396973,127.35464
1701,186004731,8002746,43350,충열사,3020012800,대전광역시,유성구,장동,O,36.397293,127.35567
1702,186004733,8002874,43370,한국기계연구원,3020012800,대전광역시,유성구,장동,X,36.394764,127.35649
1703,186004735,8002890,43380,중소벤처기업청,3020012800,대전광역시,유성구,장동,O,36.392006,127.3592
1704,186004737,8002626,43390,중소벤처기업청,3020012800,대전광역시,유성구,장동,X,36.392178,127.359505
1705,186004739,8001795,43400,KT북대전지사,3020012800,대전광역시,유성구,장동,O,36.384598,127.36157
1706,186004741,8003045,43410,LG생활건강기술연구원,3020012800,대전광역시,유성구,장동,O,36.38482,127.36226
1707,186004743,8001318,43420,대덕대학교,3020012800,대전광역시,유성구,장동,O,36.39007,127.362274
1708,186004740,8001319,43430,대덕대학교,3020012800,대전광역시,유성구,장동,O,36.390736,127.36219
1709,186004746,8001104,43440,대전광역시인재개발원,3020012800,대전광역시,유성구,장동,X,36.401127,127.362724
1710,186004747,8001105,43450,대전광역시인재개발원,3020012800,대전광역시,유성구,장동,X,36.4019,127.36307
1711,186004749,8001293,43460,한국연구재단,3020012800,대전광역시,유성구,장동,X,36.385647,127.363686
1712,186004346,8001705,43470,방현동,3020012900,대전광역시,유성구,방현동,X,36.40505,127.36704
1713,186004345,8001706,43480,방현동,3020012900,대전광역시,유성구,방현동,X,36.405373,127.36723
1714,186004347,8003004,43490,화암네거리,3020012900,대전광역시,유성구,방현동,X,36.407158,127.37362
1715,186004348,8070028,45560,대전시립제1노인병원,3020012900,대전광역시,유성구,방현동,X,36.406475,127.372154
1716,186004349,8005747,81610,중앙백신연구소,3020012900,대전광역시,유성구,방현동,X,36.407692,127.37629
1717,186004887,8003041,43500,국가정보자원관리원,3020013000,대전광역시,유성구,화암동,O,36.39692,127.37347
1718,186004888,8001727,43510,삼양사중앙연구소,3020013000,대전광역시,유성구,화암동,X,36.395798,127.37362
1719,186004897,8003005,43520,화암네거리,3020013000,대전광역시,유성구,화암동,X,36.41027,127.37747
1720,186004898,8002539,43530,전자디자인고,3020013000,대전광역시,유성구,화암동,O,36.4124,127.377914
1721,186004901,8002540,43560,전자디자인고,3020013000,대전광역시,유성구,화암동,O,36.4132,127.37845
1722,186004903,8005530,43570,국립과학수사연구원,3020013000,대전광역시,유성구,화암동,X,36.407368,127.38314
1723,186004904,8005531,43580,국립과학수사연구원,3020013000,대전광역시,유성구,화암동,X,36.406384,127.38499
1724,186004896,8005975,45410,중앙백신연구소,3020013000,대전광역시,유성구,화암동,X,36.408226,127.37681
1725,186004894,8005976,45630,중앙백신연구소,3020013000,대전광역시,유성구,화암동,X,36.407936,127.37671
1726,186004893,8005943,46010,한국천문연구원,3020013000,대전광역시,유성구,화암동,X,36.399807,127.3743
1727,186004890,8005944,46020,한국천문연구원,3020013000,대전광역시,유성구,화암동,O,36.40003,127.374054
1728,186004895,8005794,81630,중앙백신연구소,3020013000,대전광역시,유성구,화암동,X,36.408188,127.376724
1729,186004029,8001320,43540,북대전IC네거리,3020013100,대전광역시,유성구,화암동,O,36.417835,127.378105
1730,186004032,8005846,82230,테크노밸리1단지,3020013100,대전광역시,유성구,관평동,X,36.421185,127.38115
1731,186004033,8005812,82280,테크노밸리1단지,3020013100,대전광역시,유성구,관평동,X,36.420933,127.38143
1732,186004618,8001206,42380,반석네거리,3020013200,대전광역시,유성구,하기동,O,36.38665,127.31836
1733,186004638,8002662,42420,지족역,3020013200,대전광역시,유성구,하기동,O,36.384727,127.32008
1734,186004639,8002660,42430,지족역,3020013200,대전광역시,유성구,하기동,O,36.384914,127.32023
1735,186004867,8002110,42980,신성동주민센터,3020013200,대전광역시,유성구,하기동,O,36.388905,127.346725
1736,186004868,8002111,42990,신성동주민센터,3020013200,대전광역시,유성구,하기동,X,36.38917,127.34697
1737,186004858,8002052,43590,송림마을2단지,3020013200,대전광역시,유성구,하기동,O,36.38645,127.32136
1738,186004857,8002849,43600,하기중학교,3020013200,대전광역시,유성구,하기동,O,36.385853,127.321304
1739,186004859,8002053,43610,송림마을3단지,3020013200,대전광역시,유성구,하기동,O,36.389603,127.32316
1740,186004860,8002054,43620,송림마을4단지,3020013200,대전광역시,유성구,하기동,O,36.38938,127.32336
1741,186004862,8005860,43630,송림마을5.6단지,3020013200,대전광역시,유성구,하기동,O,36.39114,127.330894
1742,186004861,8005619,43640,송림마을5.6단지,3020013200,대전광역시,유성구,하기동,O,36.391037,127.32985
1743,186005216,8007542,43660,송림마을5단지,3020013200,대전광역시,유성구,하기동,X,36.39113,127.32917
1744,186004630,8002056,43990,송림마을1단지,3020013200,대전광역시,유성구,하기동,O,36.388508,127.31767
1745,186004864,8005900,45230,하기동,3020013200,대전광역시,유성구,하기동,X,36.38441,127.33991
1746,186004865,8005979,45440,하기동,3020013200,대전광역시,유성구,하기동,X,36.38476,127.33997
1747,186004506,8005969,82070,군인아파트노인정,3020013300,대전광역시,유성구,추목동,X,36.415867,127.33618
1748,186004829,8005670,82070,군인아파트,3020013300,대전광역시,유성구,추목동,X,36.416744,127.338295
1749,186004830,8002489,43650,합동군사대학교,3020013300,대전광역시,유성구,추목동,X,36.412903,127.34553
1750,186004828,8005970,82210,군인아파트종점,3020013300,대전광역시,유성구,추목동,X,36.418064,127.33674
1751,186004695,8002491,43700,자운대네거리,3020013400,대전광역시,유성구,자운동,O,36.395054,127.34872
1752,186004696,8003098,43700,자운동종점,3020013400,대전광역시,유성구,자운동,X,36.39478,127.34899
1753,186004687,8002435,43670,국군대전병원,3020013400,대전광역시,유성구,자운동,X,36.40057,127.3458
1754,186004689,8002811,43680,국군대전병원,3020013400,대전광역시,유성구,자운동,X,36.402084,127.34605
1755,186004692,8002436,43690,국방지형정보단,3020013400,대전광역시,유성구,자운동,X,36.40766,127.34624
1756,186004698,8002490,43710,자운대네거리,3020013400,대전광역시,유성구,자운동,O,36.394432,127.34977
1757,186004537,8005662,81290,애경연구원,3020013400,대전광역시,유성구,자운동,X,36.392185,127.350945
1758,186004538,8005757,82010,애경연구원,3020013400,대전광역시,유성구,자운동,X,36.39207,127.35103
1759,186004507,8001764,43720,복지관,3020013500,대전광역시,유성구,신봉동,X,36.40888,127.33706
1760,186004510,8002103,43740,자운초등학교,3020013500,대전광역시,유성구,신봉동,X,36.412624,127.33711
1761,186004516,8002070,43750,수운교입구,3020013500,대전광역시,유성구,신봉동,O,36.412918,127.34116
1762,186004509,8005653,81680,자운상가,3020013500,대전광역시,유성구,신봉동,X,36.413765,127.337074
1763,186004511,8005736,82180,복지관,3020013500,대전광역시,유성구,신봉동,X,36.408287,127.33726
1764,186004512,8005966,82190,군인아파트,3020013500,대전광역시,유성구,신봉동,X,36.410587,127.33727
1765,186004514,8005671,82200,자운상가,3020013500,대전광역시,유성구,신봉동,X,36.41376,127.33733
1766,186004434,8002169,43760,안산산성,3020013700,대전광역시,유성구,안산동,X,36.412582,127.29774
1767,186004549,8002166,43770,안산교,3020013700,대전광역시,유성구,안산동,X,36.41784,127.29636
1768,186004553,8002167,43780,안산교,3020013700,대전광역시,유성구,안산동,X,36.41631,127.29798
1769,186004554,8002170,43790,안산동,3020013700,대전광역시,유성구,안산동,X,36.41467,127.2985
1770,186004431,8070047,43800,안산1통,3020013700,대전광역시,유성구,안산동,X,36.41061,127.29953
1771,186004432,8070036,46030,안산1통,3020013700,대전광역시,유성구,안산동,X,36.410435,127.299576
1772,186004433,8070035,46040,안산산성,3020013700,대전광역시,유성구,안산동,X,36.413048,127.298
1773,186004452,8001186,43810,국방과학연구소입구,3020013800,대전광역시,유성구,외삼동,X,36.406063,127.303024
1774,186004453,8001188,43820,국방과학연구소입구,3020013800,대전광역시,유성구,외삼동,X,36.40603,127.303154
1775,186004455,8002264,43840,외삼삼거리,3020013800,대전광역시,유성구,외삼동,O,36.39941,127.31029
1776,186004454,8002260,43830,외삼1통,3020013900,대전광역시,유성구,반석동,O,36.398483,127.31013
1777,186004976,8001678,43850,반석동,3020013900,대전광역시,유성구,반석동,X,36.38946,127.29953
1778,186001448,8001190,43860,군수사령부,3020013900,대전광역시,유성구,반석동,O,36.38994,127.30378
1779,186004803,8001189,43870,군수사령부,3020013900,대전광역시,유성구,반석동,O,36.38969,127.30335
1780,186004305,8001676,43880,반석2통,3020013900,대전광역시,유성구,반석동,O,36.390854,127.30856
1781,186004304,8001675,43890,반석2통,3020013900,대전광역시,유성구,반석동,O,36.3903,127.30674
1782,186004940,8005571,43900,외삼중학교,3020013900,대전광역시,유성구,반석동,O,36.39399,127.31086
1783,186004941,8005570,43910,외삼중학교,3020013900,대전광역시,유성구,반석동,X,36.39425,127.31105
1784,186004228,8002189,43920,반석마을입구,3020013900,대전광역시,유성구,반석동,O,36.395317,127.31203
1785,186004944,8005906,43930,반석마을5단지,3020013900,대전광역시,유성구,반석동,O,36.391582,127.312584
1786,186004227,8002187,43940,반석마을입구,3020013900,대전광역시,유성구,반석동,O,36.39504,127.31281
1787,186004978,8001677,43950,반석역3번출구,3020013900,대전광역시,유성구,반석동,O,36.392006,127.31382
1788,186004229,8001681,43970,반석역,3020013900,대전광역시,유성구,반석동,O,36.391644,127.31474
1789,186004230,8001680,43980,반석역,3020013900,대전광역시,유성구,반석동,O,36.39146,127.315445
1790,186004942,8005907,45240,반석마을5단지,3020013900,대전광역시,유성구,반석동,O,36.390675,127.31187
1791,186004943,8005857,45250,반석초등학교,3020013900,대전광역시,유성구,반석동,O,36.390633,127.312256
1792,186004802,8007020,45940,노은3지구종점,3020013900,대전광역시,유성구,반석동,X,36.37567,127.305504
1793,186004291,8002530,44000,전력연구원,3020014000,대전광역시,유성구,문지동,O,36.39053,127.39064
1794,186004292,8002529,44010,국립문화유산연구원,3020014000,대전광역시,유성구,문지동,O,36.39028,127.390755
1795,186004293,8002885,44020,LG화학기술연구원,3020014000,대전광역시,유성구,문지동,X,36.390236,127.39686
1796,186004294,8002884,44030,KAIST문지캠퍼스,3020014000,대전광역시,유성구,문지동,O,36.390175,127.40006
1797,186004295,8001657,44040,문지네거리,3020014000,대전광역시,유성구,문지동,X,36.390182,127.40303
1798,186004296,8001656,44050,문지네거리,3020014000,대전광역시,유성구,문지동,O,36.38891,127.40483
1799,186004777,8002207,44060,문지초등학교입구,3020014000,대전광역시,유성구,문지동,O,36.396286,127.404785
1800,186004297,8001658,44070,문지네거리,3020014000,대전광역시,유성구,문지동,X,36.390724,127.4051
1801,186004752,8005599,44080,한남대대덕캠퍼스,3020014100,대전광역시,유성구,전민동,X,36.4007,127.39162
1802,186004753,8005600,44090,한남대대덕캠퍼스,3020014100,대전광역시,유성구,전민동,O,36.400333,127.391846
1803,186004759,8001331,44100,삼성푸른아파트,3020014100,대전광역시,유성구,전민동,O,36.39953,127.39743
1804,186004758,8001332,44110,선비마을,3020014100,대전광역시,유성구,전민동,O,36.399727,127.39738
1805,186004761,8002073,44120,k-water인재개발원,3020014100,대전광역시,유성구,전민동,X,36.405052,127.397545
1806,186004764,8002074,44130,LH연구원,3020014100,대전광역시,유성구,전민동,X,36.40469,127.397675
1807,186004765,8002071,44140,LH연구원,3020014100,대전광역시,유성구,전민동,O,36.40553,127.39795
1808,186004766,8002072,44150,LH연구원,3020014100,대전광역시,유성구,전민동,O,36.40562,127.39795
1809,186004768,8002535,44160,전민동주민센터,3020014100,대전광역시,유성구,전민동,O,36.399548,127.399574
1810,186004770,8002536,44170,전민동주민센터,3020014100,대전광역시,유성구,전민동,O,36.39973,127.40078
1811,186004774,8002026,44180,세종아파트,3020014100,대전광역시,유성구,전민동,O,36.39971,127.40374
1812,186004775,8002025,44190,세종아파트,3020014100,대전광역시,유성구,전민동,O,36.399532,127.40378
1813,186004783,8002533,44200,태광산업중앙연구소,3020014100,대전광역시,유성구,전민동,X,36.403587,127.40498
1814,186004780,8007030,44210,태광산업중앙연구소,3020014100,대전광역시,유성구,전민동,O,36.40358,127.40483
1815,186004778,8002531,44220,엑스포아파트,3020014100,대전광역시,유성구,전민동,O,36.397938,127.404785
1816,186004779,8002532,44230,전민중학교,3020014100,대전광역시,유성구,전민동,O,36.400772,127.404816
1817,186004784,8002208,44240,엑스포아파트,3020014100,대전광역시,유성구,전민동,O,36.39646,127.405
1818,186004782,8002537,44250,전민중학교,3020014100,대전광역시,유성구,전민동,O,36.400837,127.40498
1819,186004762,8003087,45840,대덕특구체육공원,3020014100,대전광역시,유성구,전민동,X,36.403206,127.39759
1820,186004763,8003088,45850,대덕특구체육공원,3020014100,대전광역시,유성구,전민동,X,36.402363,127.397606
1821,186004751,8003124,45910,대한항공기술연구원,3020014100,대전광역시,유성구,전민동,X,36.40287,127.38908
1822,186004750,8003123,45920,대한항공기술연구원,3020014100,대전광역시,유성구,전민동,X,36.40275,127.38879
1823,186004790,8005965,81380,엑스포아파트4단지,3020014100,대전광역시,유성구,전민동,X,36.397884,127.406235
1824,186004755,8005744,81460,한의학연구원,3020014100,대전광역시,유성구,전민동,X,36.39977,127.39383
1825,186004754,8005797,81470,SK주유소,3020014100,대전광역시,유성구,전민동,X,36.4001,127.393166
1826,186004792,8005740,81490,엑스포코아,3020014100,대전광역시,유성구,전민동,X,36.400425,127.40658
1827,186004788,8005666,81520,엑스포아파트1단지,3020014100,대전광역시,유성구,전민동,X,36.401585,127.405975
1828,186004785,8005739,81530,청구나래아파트,3020014100,대전광역시,유성구,전민동,X,36.402126,127.405
1829,186004781,8005802,81540,청구나래아파트,3020014100,대전광역시,유성구,전민동,X,36.402653,127.404854
1830,186004791,8005665,81940,엑스포코아,3020014100,대전광역시,유성구,전민동,X,36.40037,127.406334
1831,186004786,8005850,82030,엑스포아파트4단지,3020014100,대전광역시,유성구,전민동,X,36.39773,127.40579
1832,186004789,8005801,82040,엑스포아파트1단지,3020014100,대전광역시,유성구,전민동,X,36.40174,127.40605
1833,186004680,8002047,44260,원촌동솔로몬로파크,3020014200,대전광역시,유성구,원촌동,X,36.37677,127.403275
1834,186004684,8002373,44270,원촌삼거리,3020014200,대전광역시,유성구,원촌동,O,36.381092,127.40632
1835,186004685,8002374,44280,원촌삼거리,3020014200,대전광역시,유성구,원촌동,X,36.381145,127.40661
1836,186004681,8003110,45900,원촌동솔로몬로파크,3020014200,대전광역시,유성구,원촌동,X,36.377296,127.40477
1837,186004682,8007101,46100,싸이언스빌3가,3020014200,대전광역시,유성구,원촌동,O,36.384968,127.40511
1838,186004683,8007102,46110,싸이언스빌3가,3020014200,대전광역시,유성구,원촌동,X,36.384987,127.40534
1839,186004832,8102775,44400,탑립육교,3020014300,대전광역시,유성구,탑립동,X,36.410786,127.39411
1840,186004833,8102776,44410,탑립육교,3020014300,대전광역시,유성구,탑립동,X,36.410706,127.39426
1841,186004835,8002767,44290,탑립1통,3020014300,대전광역시,유성구,탑립동,X,36.40883,127.39574
1842,186004837,8005667,44300,탑립1통,3020014300,대전광역시,유성구,탑립동,X,36.40894,127.39585
1843,186004840,8002769,44310,탑립1통산의절,3020014300,대전광역시,유성구,탑립동,X,36.409542,127.39847
1844,186004839,8002768,44320,탑립1통산의절,3020014300,대전광역시,유성구,탑립동,X,36.40971,127.39842
1845,186004843,8002765,44330,탑립동,3020014300,대전광역시,유성구,탑립동,X,36.41055,127.40434
1846,186004853,8005899,44360,조폐공사ID본부,3020014300,대전광역시,유성구,탑립동,X,36.41389,127.41135
1847,186004854,8005896,44370,뉴로스,3020014300,대전광역시,유성구,탑립동,X,36.41744,127.41149
1848,186004855,8005898,44380,조폐공사ID본부,3020014300,대전광역시,유성구,탑립동,O,36.41438,127.41159
1849,186004856,8005897,44390,뉴로스,3020014300,대전광역시,유성구,탑립동,O,36.417477,127.41175
1850,186004838,8002766,44300,탑립1통,3020014300,대전광역시,유성구,탑립동,X,36.408726,127.39604
1851,186004851,8005953,45420,화인테크,3020014300,대전광역시,유성구,탑립동,X,36.419888,127.41007
1852,186004850,8005955,45430,대청ENG,3020014300,대전광역시,유성구,탑립동,X,36.41205,127.40983
1853,186004846,8070031,46050,청벽산공원네거리,3020014300,대전광역시,유성구,탑립동,X,36.413025,127.406235
1854,186004845,8070032,46060,청벽산공원네거리,3020014300,대전광역시,유성구,탑립동,X,36.41277,127.40592
1855,186004852,8005954,46250,화인테크,3020014300,대전광역시,유성구,탑립동,X,36.42005,127.41027
1856,187001485,8007599,35850,둔산2동주민센터,3020014400,대전광역시,유성구,용산동,X,36.353645,127.38086
1857,186004831,8002775,44400,탑립육교,3020014400,대전광역시,유성구,용산동,X,36.411274,127.39456
1858,186004834,8002776,44410,탑립육교,3020014400,대전광역시,유성구,용산동,X,36.41125,127.39476
1859,186004619,8005552,44340,미건테크노월드,3020014400,대전광역시,유성구,용산동,O,36.422806,127.406654
1860,186004967,8005551,44350,미건테크노월드,3020014400,대전광역시,유성구,용산동,X,36.422634,127.40646
1861,186004608,8005511,44420,테크노밸리11.12단지,3020014400,대전광역시,유성구,용산동,O,36.417664,127.39526
1862,186004609,8005512,44430,"푸르지오하임1,2단지",3020014400,대전광역시,유성구,용산동,O,36.41755,127.39538
1863,186004614,8005506,44440,대덕밸리용신교,3020014400,대전광역시,유성구,용산동,O,36.425495,127.40122
1864,186004615,8005505,44450,대덕밸리용신교,3020014400,대전광역시,유성구,용산동,X,36.425415,127.40135
1865,186004616,8005542,44460,대덕밸리용신교,3020014400,대전광역시,유성구,용산동,X,36.425552,127.402054
1866,186004617,8005543,44470,대덕밸리용신교,3020014400,대전광역시,유성구,용산동,O,36.425636,127.40244
1867,186004613,8003089,45860,한국방송통신대학교,3020014400,대전광역시,유성구,용산동,O,36.414448,127.40096
1868,186004612,8003090,45870,한국방송통신대학교,3020014400,대전광역시,유성구,용산동,X,36.41428,127.400764
1869,187001481,8007189,46280,현대아울렛남문,3020014400,대전광역시,유성구,용산동,O,36.42222,127.39723
1870,187001503,8007490,46680,현대아울렛북문,3020014400,대전광역시,유성구,용산동,O,36.42474,127.39917
1871,187001482,8007593,47070,용산고등학교,3020014400,대전광역시,유성구,용산동,X,36.420444,127.39719
1872,187001483,8007594,47080,용산고등학교,3020014400,대전광역시,유성구,용산동,X,36.4202,127.39733
1873,186004607,8002805,47090,테크노밸리12단지,3020014400,대전광역시,유성구,용산동,O,36.417316,127.39279
1874,186004606,8002804,47120,테크노밸리12단지,3020014400,대전광역시,유성구,용산동,O,36.417107,127.39259
1875,186004610,8005807,81770,용산고,3020014400,대전광역시,유성구,용산동,X,36.420555,127.3973
1876,186004611,8002293,82060,용산고,3020014400,대전광역시,유성구,용산동,X,36.42016,127.39733
1877,186004423,8070002,45570,한국가스기술공사,3020014500,대전광역시,유성구,봉산동,X,36.435658,127.390335
1878,186004319,8001780,44480,협진운수,3020014500,대전광역시,유성구,봉산동,X,36.445457,127.38392
1879,186004413,8001783,44490,봉산동기점,3020014500,대전광역시,유성구,봉산동,X,36.448254,127.384605
1880,186004320,8001778,44500,협진운수,3020014500,대전광역시,유성구,봉산동,X,36.44489,127.38408
1881,186004322,8001179,44770,휴먼시아아파트,3020014500,대전광역시,유성구,봉산동,O,36.438026,127.385185
1882,186004316,8070004,45590,송강중학교,3020014500,대전광역시,유성구,봉산동,X,36.43804,127.38177
1883,186004315,8070003,45600,송강중학교,3020014500,대전광역시,유성구,봉산동,X,36.43789,127.38274
1884,186004073,8001285,46770,대광로제비앙아파트,3020014500,대전광역시,유성구,봉산동,O,36.44269,127.38441
1885,186004074,8001286,46780,대광로제비앙아파트,3020014500,대전광역시,유성구,봉산동,X,36.44248,127.38485
1886,186004310,8003056,82530,구즉초등학교,3020014500,대전광역시,유성구,봉산동,X,36.43996,127.381805
1887,186004047,8070001,45580,한국가스기술공사,3020014600,대전광역시,유성구,관평동,O,36.434776,127.38992
1888,186004055,8003079,45580,한국가스기술공사,3020014600,대전광역시,유성구,관평동,X,36.43482,127.38994
1889,186004030,8001321,43550,북대전IC네거리,3020014600,대전광역시,유성구,관평동,O,36.417473,127.3783
1890,187001507,8001303,44510,테크노밸리2단지,3020014600,대전광역시,유성구,관평동,O,36.41863,127.383026
1891,187001506,8001304,44520,테크노밸리2단지,3020014600,대전광역시,유성구,관평동,O,36.418896,127.38294
1892,186004037,8001306,44530,테크노밸리4단지,3020014600,대전광역시,유성구,관평동,O,36.42006,127.38592
1893,186004039,8001305,44540,테크노밸리5단지,3020014600,대전광역시,유성구,관평동,O,36.420033,127.38616
1894,186004906,8001556,44550,관평중학교,3020014600,대전광역시,유성구,관평동,O,36.423775,127.38831
1895,186004051,8001555,44560,관평중학교,3020014600,대전광역시,유성구,관평동,O,36.42417,127.38874
1896,186004048,8002640,44570,중일고등학교,3020014600,대전광역시,유성구,관평동,O,36.42135,127.38841
1897,186004050,8002639,44580,중일고등학교,3020014600,대전광역시,유성구,관평동,O,36.42144,127.388626
1898,187001490,8001585,44590,롯데마트대덕점,3020014600,대전광역시,유성구,관평동,O,36.426838,127.38976
1899,187001491,8001586,44600,롯데마트대덕점,3020014600,대전광역시,유성구,관평동,O,36.427063,127.38991
1900,186004056,8005609,44610,웅진에너지,3020014600,대전광역시,유성구,관평동,X,36.43322,127.390335
1901,186004057,8005608,44620,웅진에너지,3020014600,대전광역시,유성구,관평동,X,36.433357,127.390854
1902,186004059,8005601,44630,한신에스메카,3020014600,대전광역시,유성구,관평동,X,36.428604,127.39147
1903,186004908,8005879,44640,테크노밸리6.10단지,3020014600,대전광역시,유성구,관평동,O,36.420303,127.39216
1904,186004058,8005602,44650,한신에스메카,3020014600,대전광역시,유성구,관평동,X,36.428017,127.3914
1905,186004060,8005880,44660,테크노밸리6.10단지,3020014600,대전광역시,유성구,관평동,O,36.420105,127.391975
1906,186004909,8005508,44670,수변공원,3020014600,대전광역시,유성구,관평동,O,36.425644,127.39289
1907,186004910,8005507,44680,수변공원,3020014600,대전광역시,유성구,관평동,O,36.425766,127.39311
1908,186004911,8005535,44690,바이오니아,3020014600,대전광역시,유성구,관평동,X,36.430355,127.39554
1909,186004067,8005957,45400,한들교,3020014600,대전광역시,유성구,관평동,X,36.428307,127.39806
1910,187001495,8007047,47100,테크노밸리6단지,3020014600,대전광역시,유성구,관평동,O,36.41857,127.38797
1911,187001494,8005738,47110,테크노밸리6단지,3020014600,대전광역시,유성구,관평동,O,36.418785,127.38794
1912,186004036,8005971,82290,테크노밸리7단지,3020014600,대전광역시,유성구,관평동,X,36.425167,127.38465
1913,186004317,8003078,45570,한국가스기술공사,3020014700,대전광역시,유성구,송강동,X,36.435482,127.39028
1914,186004475,8001200,44710,그린아파트,3020014700,대전광역시,유성구,송강동,O,36.430603,127.38317
1915,186004476,8002910,44720,한마을아파트,3020014700,대전광역시,유성구,송강동,X,36.43031,127.383286
1916,186004477,8002050,44730,송강초등학교,3020014700,대전광역시,유성구,송강동,O,36.43245,127.38405
1917,186004479,8002909,44740,한마을아파트,3020014700,대전광역시,유성구,송강동,O,36.428967,127.38423
1918,186004481,8002943,44750,한솔아파트,3020014700,대전광역시,유성구,송강동,O,36.432705,127.38438
1919,186004482,8002911,44760,한마을아파트후문,3020014700,대전광역시,유성구,송강동,O,36.42913,127.38439
1920,186004487,8001794,44780,송강전통시장,3020014700,대전광역시,유성구,송강동,O,36.43565,127.386406
1921,186004373,8001178,44790,송강마을아파트,3020014700,대전광역시,유성구,송강동,O,36.437572,127.38576
1922,186004313,8001782,44800,송강마을아파트,3020014700,대전광역시,유성구,송강동,X,36.4376,127.38602
1923,186004484,8001793,44810,송강전통시장,3020014700,대전광역시,유성구,송강동,O,36.43535,127.3863
1924,186004314,8002049,44820,송강전통시장,3020014700,대전광역시,유성구,송강동,O,36.435654,127.38718
1925,186004374,8002048,44830,송강전통시장,3020014700,대전광역시,유성구,송강동,O,36.43543,127.38708
1926,186004489,8001283,44840,북부여성가족원,3020014700,대전광역시,유성구,송강동,O,36.431534,127.38721
1927,186004041,8001284,44850,북부여성가족원,3020014700,대전광역시,유성구,송강동,O,36.429676,127.38679
1928,186004307,8005941,45330,구즉동주민센터입구,3020014700,대전광역시,유성구,송강동,O,36.439846,127.38681
1929,186004308,8005942,45340,구즉동주민센터입구,3020014700,대전광역시,유성구,송강동,X,36.44009,127.38679
1930,186004478,8005972,82220,테크노밸리7단지,3020014700,대전광역시,유성구,송강동,X,36.424995,127.38413
1931,186004409,8003057,82550,휴먼시아 1단지,3020014700,대전광역시,유성구,송강동,X,36.437954,127.382324
1932,186004130,8001211,44860,금고2통,3020014800,대전광역시,유성구,금고동,X,36.458992,127.38511
1933,186004131,8001210,44870,금고2통,3020014800,대전광역시,유성구,금고동,X,36.458904,127.38522
1934,186004136,8001341,44880,대동금탄동입구,3020014800,대전광역시,유성구,금고동,X,36.47203,127.387955
1935,186004137,8001340,44890,대동금탄동입구,3020014800,대전광역시,유성구,금고동,X,36.472107,127.38797
1936,186004134,8001608,44900,금고동매립장,3020014800,대전광역시,유성구,금고동,X,36.460464,127.388626
1937,186004135,8001607,44910,금고동매립장,3020014800,대전광역시,유성구,금고동,X,36.460518,127.38882
1938,186004128,8001208,44920,금고1통,3020014800,대전광역시,유성구,금고동,X,36.46376,127.390366
1939,186004132,8001212,44930,금고동,3020014800,대전광역시,유성구,금고동,X,36.4667,127.39038
1940,186004129,8001209,44940,금고1통,3020014800,대전광역시,유성구,금고동,X,36.46384,127.390465
1941,186004133,8001213,44950,금고동,3020014800,대전광역시,유성구,금고동,X,36.466785,127.39056
1942,187001449,8007337,46420,꽃묘생산단지,3020014800,대전광역시,유성구,금고동,X,36.47412,127.383446
1943,187001451,8007338,46430,꽃묘생산단지,3020014800,대전광역시,유성구,금고동,X,36.47402,127.38343
1944,186004199,8001343,44960,대동보건소,3020014900,대전광역시,유성구,대동,X,36.47581,127.39492
1945,186004200,8001342,44970,대동보건소,3020014900,대전광역시,유성구,대동,X,36.47579,127.39499
1946,186004201,8001336,44980,대동1통,3020014900,대전광역시,유성구,대동,X,36.4853,127.39512
1947,186004202,8001337,44990,대동1통,3020014900,대전광역시,유성구,대동,X,36.48537,127.395164
1948,186004203,8001334,45000,대동,3020014900,대전광역시,유성구,대동,X,36.47891,127.39544
1949,186004204,8001333,45010,대동,3020014900,대전광역시,유성구,대동,X,36.47894,127.39551
1950,186004205,8001339,45020,대동,3020014900,대전광역시,유성구,대동,X,36.48101,127.39575
1951,186004206,8001338,45030,대동,3020014900,대전광역시,유성구,대동,X,36.48099,127.395836
1952,186004928,8001335,45040,대동2통,3020014900,대전광역시,유성구,대동,X,36.483562,127.39713
1953,186004929,8005539,45050,대동2통,3020014900,대전광역시,유성구,대동,X,36.48357,127.39722
1954,186004187,8001223,45060,금탄동종점,3020015000,대전광역시,유성구,금탄동,X,36.49246,127.38432
1955,186004391,8002094,45070,신동1통,3020015100,대전광역시,유성구,신동,X,36.47508,127.36701
1956,186004392,8002095,45080,신동1통,3020015100,대전광역시,유성구,신동,X,36.475147,127.3671
1957,186004393,8002096,45090,신동2통,3020015100,대전광역시,유성구,신동,X,36.47456,127.37276
1958,186004394,8002097,45100,신동2통,3020015100,대전광역시,유성구,신동,X,36.47465,127.3728
1959,186005222,8003133,46730,신동,3020015100,대전광역시,유성구,신동,O,36.475838,127.36818
1960,186005223,8003134,46740,신동,3020015100,대전광역시,유성구,신동,O,36.4757,127.36955
1961,186005224,8003135,46750,신동천교,3020015100,대전광역시,유성구,신동,O,36.473938,127.37609
1962,186005225,8003136,46760,신동천교,3020015100,대전광역시,유성구,신동,O,36.473835,127.37719
1963,186004209,8001564,45130,둔곡3교,3020015200,대전광역시,유성구,둔곡동,O,36.457825,127.35991
1964,186004210,8001563,45140,둔곡3교,3020015200,대전광역시,유성구,둔곡동,O,36.45786,127.36033
1965,186004207,8001562,45150,둔곡동,3020015200,대전광역시,유성구,둔곡동,O,36.45287,127.35893
1966,186004208,8001561,45160,둔곡동,3020015200,대전광역시,유성구,둔곡동,O,36.452717,127.359116
1967,187001505,8007587,46860,서한이다음2단지,3020015200,대전광역시,유성구,둔곡동,O,36.452316,127.36349
1968,187001489,8007570,46870,우미린아파트,3020015200,대전광역시,유성구,둔곡동,O,36.45538,127.36413
1969,187001487,8007577,46930,씨에이치씨랩,3020015200,대전광역시,유성구,둔곡동,O,36.46003,127.360695
1970,187001486,8007578,47000,씨에이치씨랩,3020015200,대전광역시,유성구,둔곡동,O,36.4604,127.36053
1971,187001488,8007585,47020,서한이다음1단지,3020015200,대전광역시,유성구,둔곡동,O,36.45539,127.36401
1972,187001504,8007588,47030,서한이다음2단지,3020015200,대전광역시,유성구,둔곡동,O,36.452374,127.363335
1973,186004063,8001150,45170,서한이다음2단지,3020015300,대전광역시,유성구,구룡동,X,36.45175,127.36182
1974,186004064,8001151,45180,서한이다음2단지,3020015300,대전광역시,유성구,구룡동,X,36.45185,127.362
1975,186004065,8001148,45190,구룡2통,3020015300,대전광역시,유성구,구룡동,X,36.44728,127.365364
1976,186004066,8001149,45200,구룡2통,3020015300,대전광역시,유성구,구룡동,X,36.44708,127.36545
1977,186004061,8001146,45210,구룡,3020015300,대전광역시,유성구,구룡동,X,36.44605,127.36842
1978,186004062,8001147,45220,구룡,3020015300,대전광역시,유성구,구룡동,X,36.446117,127.36868
1979,187001211,8002236,50030,오정농수산물시장,3023010100,대전광역시,대덕구,오정동,O,36.35765,127.407646
1980,187001212,8002235,50040,오정농수산물시장,3023010100,대전광역시,대덕구,오정동,O,36.357296,127.407845
1981,187001215,8002237,50060,오정농수산물시장,3023010100,대전광역시,대덕구,오정동,O,36.358192,127.40954
1982,187001218,8002100,50100,신동아아파트,3023010100,대전광역시,대덕구,오정동,O,36.358517,127.41242
1983,187001219,8003006,50110,화정초등학교,3023010100,대전광역시,대덕구,오정동,O,36.35812,127.4125
1984,187001222,8002244,50140,오정우체국,3023010100,대전광역시,대덕구,오정동,O,36.354553,127.414955
1985,187001223,8002234,50150,오정네거리,3023010100,대전광역시,대덕구,오정동,O,36.35789,127.41512
1986,187001224,8002245,50160,오정우체국,3023010100,대전광역시,대덕구,오정동,O,36.354675,127.4153
1987,187001226,8002243,50170,한남오거리,3023010100,대전광역시,대덕구,오정동,O,36.349655,127.41556
1988,187001225,8002233,50180,오정네거리,3023010100,대전광역시,대덕구,오정동,O,36.357494,127.41544
1989,187001227,8002242,50190,한남오거리,3023010100,대전광역시,대덕구,오정동,O,36.349316,127.415985
1990,187001229,8002250,50200,오정육교,3023010100,대전광역시,대덕구,오정동,X,36.357986,127.41659
1991,187001228,8002249,50210,오정육교,3023010100,대전광역시,대덕구,오정동,X,36.35749,127.416504
1992,187001231,8002240,50230,한남오거리,3023010100,대전광역시,대덕구,오정동,O,36.349167,127.416954
1993,187001232,8002241,50240,한남오거리,3023010100,대전광역시,대덕구,오정동,O,36.34927,127.41724
1994,187001234,8002238,50250,오정동,3023010100,대전광역시,대덕구,오정동,X,36.35436,127.41735
1995,187001233,8002860,50260,오정동,3023010100,대전광역시,대덕구,오정동,X,36.354225,127.41728
1996,187001235,8001457,50270,대화동고개,3023010100,대전광역시,대덕구,오정동,X,36.3608,127.41745
1997,187001236,8001398,50290,대전병원,3023010100,대전광역시,대덕구,오정동,O,36.362507,127.41787
1998,187001238,8001399,50300,대전병원,3023010100,대전광역시,대덕구,오정동,O,36.362602,127.4183
1999,187001240,8002903,50320,한남대학교,3023010100,대전광역시,대덕구,오정동,O,36.35071,127.41927
2000,187001241,8002902,50330,한남대학교,3023010100,대전광역시,대덕구,오정동,O,36.350864,127.419334
2001,187001244,8002904,50340,한남대학교,3023010100,대전광역시,대덕구,오정동,O,36.351395,127.42234
2002,187001245,8002905,50350,한남대학교,3023010100,대전광역시,대덕구,오정동,O,36.351494,127.42255
2003,187001246,8001406,50360,대전신학대학교,3023010100,대전광역시,대덕구,오정동,O,36.351105,127.42419
2004,187001376,8002947,50370,한숲아파트,3023010100,대전광역시,대덕구,오정동,O,36.354954,127.427475
2005,187001375,8001407,53340,대전신학대학교,3023010100,대전광역시,대덕구,오정동,O,36.35104,127.42474
2006,187001382,8007273,53400,대덕구청,3023010100,대전광역시,대덕구,오정동,O,36.346073,127.418785
2007,187001392,8007274,53410,대덕구청,3023010100,대전광역시,대덕구,오정동,O,36.34656,127.41774
2008,187001383,8007275,53420,한남오거리(BRT),3023010100,대전광역시,대덕구,오정동,O,36.349724,127.4144
2009,187001391,8007276,53430,한남오거리(BRT),3023010100,대전광역시,대덕구,오정동,O,36.35016,127.4133
2010,187001384,8007277,53440,오정동행정복지센터,3023010100,대전광역시,대덕구,오정동,O,36.351765,127.41176
2011,187001390,8007278,53450,오정동행정복지센터,3023010100,대전광역시,대덕구,오정동,O,36.352303,127.41063
2012,187001385,8007279,53460,오정농수산오거리,3023010100,대전광역시,대덕구,오정동,O,36.355083,127.40762
2013,187001389,8007280,53470,오정농수산오거리,3023010100,대전광역시,대덕구,오정동,O,36.355618,127.406456
2014,187001386,8007288,53480,오정농수산시장,3023010100,대전광역시,대덕구,오정동,O,36.35867,127.404686
2015,187001006,8001551,50380,동아연필,3023010200,대전광역시,대덕구,대화동,O,36.36828,127.40163
2016,187001005,8001552,50390,동아연필,3023010200,대전광역시,대덕구,대화동,O,36.368904,127.40291
2017,187001007,8001099,50400,공구백화점,3023010200,대전광역시,대덕구,대화동,X,36.366196,127.40275
2018,187001008,8001098,50410,공구백화점,3023010200,대전광역시,대덕구,대화동,O,36.365883,127.403076
2019,187001009,8002578,50420,제일사료,3023010200,대전광역시,대덕구,대화동,O,36.36971,127.40622
2020,187001010,8001788,50430,부국레미콘,3023010200,대전광역시,대덕구,대화동,O,36.366245,127.40711
2021,187001012,8001787,50440,부국레미콘,3023010200,대전광역시,대덕구,대화동,O,36.366108,127.40721
2022,187001011,8002577,50450,펜타플렉스,3023010200,대전광역시,대덕구,대화동,X,36.369827,127.40714
2023,187001013,8002385,50460,디엔에프,3023010200,대전광역시,대덕구,대화동,X,36.370876,127.410255
2024,187001014,8002386,50470,롯데택배,3023010200,대전광역시,대덕구,대화동,X,36.37079,127.41027
2025,187001015,8001459,50480,대화동행정복지센터,3023010200,대전광역시,대덕구,대화동,O,36.367245,127.4111
2026,187001017,8002024,50490,세원화성,3023010200,대전광역시,대덕구,대화동,X,36.373,127.41164
2027,187001016,8001550,50500,동아교재,3023010200,대전광역시,대덕구,대화동,O,36.37418,127.413864
2028,187001020,8001549,50510,동아교재,3023010200,대전광역시,대덕구,대화동,O,36.374016,127.41393
2029,187001019,8002023,50520,세원화성,3023010200,대전광역시,대덕구,대화동,X,36.372078,127.41219
2030,187001018,8001460,50530,대화동행정복지센터,3023010200,대전광역시,대덕구,대화동,O,36.367264,127.411964
2031,187001021,8002361,50540,원명학교,3023010200,대전광역시,대덕구,대화동,O,36.367634,127.41576
2032,187001022,8002362,50550,원명학교,3023010200,대전광역시,대덕구,대화동,O,36.367825,127.4159
2033,187001027,8002704,50560,체육재활원,3023010200,대전광역시,대덕구,대화동,O,36.367813,127.4185
2034,187001025,8001458,50570,대화동육교,3023010200,대전광역시,대덕구,대화동,O,36.365498,127.419075
2035,187001024,8001560,50580,대화동육교,3023010200,대전광역시,대덕구,대화동,O,36.36611,127.418945
2036,187001026,8001375,50590,대전산업단지삼거리,3023010200,대전광역시,대덕구,대화동,O,36.368446,127.42002
2037,187001348,8001374,50600,대전산업단지삼거리,3023010200,대전광역시,대덕구,대화동,O,36.368153,127.42021
2038,187001267,8002372,50610,원촌교네거리,3023010300,대전광역시,대덕구,읍내동,O,36.376778,127.41182
2039,187001268,8002371,50620,원촌교네거리,3023010300,대전광역시,대덕구,읍내동,X,36.37675,127.4125
2040,187001270,8002462,50630,당아래,3023010300,대전광역시,대덕구,읍내동,O,36.37465,127.41782
2041,187001271,8002463,50640,당아래,3023010300,대전광역시,대덕구,읍내동,O,36.374733,127.41849
2042,187001272,8002460,50650,읍내네거리,3023010300,대전광역시,대덕구,읍내동,O,36.372246,127.42007
2043,187001273,8002461,50660,읍내네거리,3023010300,대전광역시,대덕구,읍내동,X,36.372646,127.420265
2044,187001274,8003011,50670,회덕동주민센터,3023010300,대전광역시,대덕구,읍내동,O,36.37663,127.4207
2045,187001275,8003012,50680,회덕동주민센터,3023010300,대전광역시,대덕구,읍내동,O,36.37649,127.421074
2046,187001276,8001453,50690,대한통운,3023010300,대전광역시,대덕구,읍내동,O,36.380363,127.4237
2047,187001277,8001454,50700,대한통운,3023010300,대전광역시,대덕구,읍내동,O,36.380547,127.42456
2048,187001280,8001455,50710,대한통운종점,3023010300,대전광역시,대덕구,읍내동,O,36.38353,127.42562
2049,187001283,8002464,50720,읍내동현대아파트,3023010300,대전광역시,대덕구,읍내동,O,36.37835,127.426674
2050,187001284,8002465,50730,제월당,3023010300,대전광역시,대덕구,읍내동,O,36.37854,127.42702
2051,187001208,8002566,50770,정수장,3023010300,대전광역시,대덕구,읍내동,O,36.385082,127.42547
2052,187001205,8002018,50740,성우동산,3023010400,대전광역시,대덕구,연축동,O,36.388916,127.42147
2053,187001204,8002019,50750,성우동산,3023010400,대전광역시,대덕구,연축동,X,36.39015,127.42121
2054,187001158,8002209,50760,연축아파트/한국수자원공사,3023010400,대전광역시,대덕구,연축동,O,36.39603,127.42271
2055,187001191,8003082,53170,대덕구장애인복지관,3023010400,대전광역시,대덕구,연축동,X,36.388077,127.42259
2056,187001157,8002258,50790,와동초등학교,3023010500,대전광역시,대덕구,신대동,O,36.396065,127.42241
2057,187001159,8002093,50800,신대아파트/한국수자원공사,3023010500,대전광역시,대덕구,신대동,O,36.400158,127.42282
2058,187001250,8005853,50830,와동종점,3023010500,대전광역시,대덕구,신대동,X,36.404232,127.423096
2059,187001249,8002259,50810,와동현대아파트,3023010600,대전광역시,대덕구,와동,O,36.400826,127.42295
2060,187001251,8001581,50820,들말/신대차고지,3023010600,대전광역시,대덕구,와동,O,36.41246,127.42436
2061,187001254,8002930,50840,들말/신대차고지,3023010600,대전광역시,대덕구,와동,O,36.41045,127.42516
2062,187001257,8002501,50870,장동약수터,3023010600,대전광역시,대덕구,와동,X,36.40408,127.430374
2063,187001258,8002180,50880,장동약수터,3023010600,대전광역시,대덕구,와동,X,36.404057,127.43052
2064,187001259,8002500,50890,장동고개,3023010600,대전광역시,대덕구,와동,X,36.409557,127.43221
2065,187001260,8002499,50900,장동고개,3023010600,대전광역시,대덕구,와동,X,36.40951,127.43237
2066,187001255,8005936,53080,장동예비군훈련장,3023010600,대전광역시,대덕구,와동,X,36.406788,127.42996
2067,187001256,8005940,53090,장동예비군훈련장,3023010600,대전광역시,대덕구,와동,X,36.406693,127.43019
2068,187001136,8001987,50910,선비마을입구,3023010700,대전광역시,대덕구,송촌동,O,36.36793,127.43644
2069,187001137,8001986,50920,선비마을입구,3023010700,대전광역시,대덕구,송촌동,O,36.36762,127.43654
2070,187001138,8002065,50930,송촌119안전센터,3023010700,대전광역시,대덕구,송촌동,O,36.362892,127.438705
2071,187001139,8002066,50940,송촌119안전센터,3023010700,대전광역시,대덕구,송촌동,O,36.362732,127.43898
2072,187001141,8001554,50950,동춘당,3023010700,대전광역시,대덕구,송촌동,O,36.36473,127.44036
2073,187001143,8001553,50960,동춘당,3023010700,대전광역시,대덕구,송촌동,O,36.365147,127.440155
2074,187001144,8001981,50970,선비마을2단지,3023010700,대전광역시,대덕구,송촌동,O,36.36889,127.440216
2075,187001142,8001982,50980,선비마을3단지,3023010700,대전광역시,대덕구,송촌동,O,36.36815,127.43996
2076,187001146,8001984,50990,선비마을4단지후문,3023010700,대전광역시,대덕구,송촌동,O,36.36757,127.44241
2077,187001147,8001535,51000,적십자혈액원,3023010700,대전광역시,대덕구,송촌동,O,36.352783,127.44282
2078,187001365,8002950,51020,한신휴플러스,3023010700,대전광역시,대덕구,송촌동,O,36.35495,127.44406
2079,187001366,8001985,51030,선비마을5단지,3023010700,대전광역시,대덕구,송촌동,O,36.36633,127.44515
2080,187001152,8002064,51040,송촌고등학교,3023010700,대전광역시,대덕구,송촌동,O,36.362057,127.444984
2081,187001150,8002063,51050,송촌고등학교,3023010700,대전광역시,대덕구,송촌동,O,36.361942,127.444756
2082,187001151,8001983,51060,선비마을4단지,3023010700,대전광역시,대덕구,송촌동,O,36.36647,127.44497
2083,187001154,8001957,51520,서오아파트,3023010700,대전광역시,대덕구,송촌동,O,36.359337,127.44572
2084,187001153,8001958,51530,서오아파트,3023010700,대전광역시,대덕구,송촌동,O,36.358665,127.44556
2085,187001145,8007022,53230,선비마을3단지후문,3023010700,대전광역시,대덕구,송촌동,X,36.36766,127.442154
2086,187001060,8002616,51070,중리시장,3023010800,대전광역시,대덕구,법동,O,36.366634,127.425865
2087,187001061,8001889,51080,삼정하이츠타운,3023010800,대전광역시,대덕구,법동,O,36.37344,127.42635
2088,187001062,8001722,51090,법동주공3단지,3023010800,대전광역시,대덕구,법동,O,36.371696,127.42664
2089,187001063,8002219,51100,영진아파트,3023010800,대전광역시,대덕구,법동,O,36.37438,127.42733
2090,187001065,8002168,51110,안산도서관,3023010800,대전광역시,대덕구,법동,O,36.368668,127.427536
2091,187001064,8002426,51120,유원아파트,3023010800,대전광역시,대덕구,법동,O,36.36943,127.427475
2092,187001066,8006007,51130,대전지방국세청,3023010800,대전광역시,대덕구,법동,O,36.372967,127.42819
2093,187001067,8001430,51140,대전지방국세청,3023010800,대전광역시,대덕구,법동,O,36.372147,127.42838
2094,187001068,8001536,51150,대덕소방서,3023010800,대전광역시,대덕구,법동,O,36.373375,127.42845
2095,187001069,8001427,51160,근로복지공단대전병원,3023010800,대전광역시,대덕구,법동,O,36.36721,127.428825
2096,187001070,8001532,51170,보람아파트,3023010800,대전광역시,대덕구,법동,O,36.37007,127.429375
2097,187001071,8001744,51180,법동전통시장,3023010800,대전광역시,대덕구,법동,O,36.36674,127.43035
2098,187001072,8002912,51190,한마음아파트,3023010800,대전광역시,대덕구,법동,O,36.370705,127.43127
2099,187001073,8001745,51200,보람아파트,3023010800,대전광역시,대덕구,법동,O,36.37049,127.43131
2100,187001074,8002037,51210,소월아파트,3023010800,대전광역시,대덕구,법동,O,36.36864,127.43348
2101,187001075,8002038,51220,소월아파트,3023010800,대전광역시,대덕구,법동,O,36.36885,127.43368
2102,187001076,8001201,51230,그린아파트,3023010800,대전광역시,대덕구,법동,X,36.365803,127.43426
2103,187001077,8001203,51240,그린아파트,3023010800,대전광역시,대덕구,법동,O,36.367985,127.434296
2104,187001078,8001202,51250,그린아파트,3023010800,대전광역시,대덕구,법동,X,36.365803,127.43454
2105,187001308,8002617,51260,중리지구대,3023010900,대전광역시,대덕구,중리동,O,36.358982,127.4211
2106,187001309,8002217,51270,영진로얄아파트,3023010900,대전광역시,대덕구,중리동,O,36.36124,127.42114
2107,187001310,8002618,51280,중리지구대,3023010900,대전광역시,대덕구,중리동,O,36.358597,127.42116
2108,187001311,8002218,51290,영진로얄아파트,3023010900,대전광역시,대덕구,중리동,O,36.36183,127.42163
2109,187001312,8002080,51300,스포츠프라자삼거리,3023010900,대전광역시,대덕구,중리동,O,36.36539,127.42271
2110,187001313,8001583,51310,럭키스포츠프라자,3023010900,대전광역시,대덕구,중리동,O,36.365402,127.42298
2111,187001315,8002658,51320,증산도교육문화회관,3023010900,대전광역시,대덕구,중리동,O,36.35911,127.424904
2112,187001316,8002612,51330,중리근린공원,3023010900,대전광역시,대덕구,중리동,O,36.363758,127.425064
2113,187001317,8002613,51340,중리동주민센터,3023010900,대전광역시,대덕구,중리동,O,36.36048,127.42519
2114,187001318,8002610,51350,중리근린공원,3023010900,대전광역시,대덕구,중리동,O,36.363388,127.42526
2115,187001319,8002614,51360,중리동주민센터,3023010900,대전광역시,대덕구,중리동,O,36.360676,127.42538
2116,187001320,8002906,51370,한남병원,3023010900,대전광역시,대덕구,중리동,O,36.35877,127.42624
2117,187001321,8002615,51380,중리시장,3023010900,대전광역시,대덕구,중리동,O,36.366596,127.42653
2118,187001322,8001516,51390,동대전고등학교,3023010900,대전광역시,대덕구,중리동,O,36.357315,127.4271
2119,187001323,8001515,51400,동대전고등학교,3023010900,대전광역시,대덕구,중리동,O,36.35702,127.427315
2120,187001324,8001721,51410,법동전통시장,3023010900,대전광역시,대덕구,중리동,O,36.366577,127.429886
2121,187001326,8002608,51420,중리네거리,3023010900,대전광역시,대덕구,중리동,O,36.35928,127.43042
2122,187001325,8002607,51430,중리네거리,3023010900,대전광역시,대덕구,중리동,O,36.358845,127.43032
2123,187001327,8002609,51440,중리동,3023010900,대전광역시,대덕구,중리동,O,36.36276,127.43094
2124,187001328,8002611,51450,중리동,3023010900,대전광역시,대덕구,중리동,O,36.363384,127.43128
2125,187001329,8005894,51460,수도시설관리사업소,3023010900,대전광역시,대덕구,중리동,O,36.36178,127.43398
2126,187001330,8005895,51470,수도시설관리사업소,3023010900,대전광역시,대덕구,중리동,O,36.36199,127.434
2127,187001331,8002701,51480,대덕구청소년수련관,3023010900,대전광역시,대덕구,중리동,O,36.363132,127.43503
2128,187001332,8002700,51490,대덕구청소년수련관,3023010900,대전광역시,대덕구,중리동,O,36.363194,127.43526
2129,187001314,8005960,53130,한남대북문,3023010900,대전광역시,대덕구,중리동,O,36.358707,127.42251
2130,187001092,8001803,51590,비래동종점,3023011000,대전광역시,대덕구,비래동,O,36.360744,127.45002
2131,187001094,8007172,51590,비래동종점,3023011000,대전광역시,대덕구,비래동,X,36.360878,127.4502
2132,187001079,8001039,51010,가양중학교입구,3023011000,대전광역시,대덕구,비래동,O,36.352158,127.443
2133,187001080,8002951,51500,한신휴플러스,3023011000,대전광역시,대덕구,비래동,O,36.355145,127.44463
2134,187001084,8002101,51540,만남웨딩홀,3023011000,대전광역시,대덕구,비래동,O,36.35749,127.446815
2135,187001085,8002102,51550,만남웨딩홀,3023011000,대전광역시,대덕구,비래동,X,36.358112,127.44777
2136,187001086,8001891,51560,삼호아파트,3023011000,대전광역시,대덕구,비래동,X,36.354397,127.44783
2137,187001088,8001802,51570,비래동,3023011000,대전광역시,대덕구,비래동,O,36.35983,127.44932
2138,187001089,8001801,51580,비래동,3023011000,대전광역시,대덕구,비래동,X,36.35965,127.44942
2139,187001093,8001500,51600,금성백조아파트,3023011000,대전광역시,대덕구,비래동,O,36.35832,127.45012
2140,187001095,8001499,51610,금성백조아파트,3023011000,대전광역시,대덕구,비래동,O,36.358387,127.4505
2141,187001096,8001033,51620,길치근린공원,3023011000,대전광역시,대덕구,비래동,O,36.357056,127.453514
2142,187001097,8001611,51630,명석고등학교,3023011000,대전광역시,대덕구,비래동,O,36.353424,127.45411
2143,187001098,8001032,51640,길치근린공원,3023011000,대전광역시,대덕구,비래동,O,36.356636,127.45445
2144,187001083,8005878,53070,비래동노인회관,3023011000,대전광역시,대덕구,비래동,X,36.35615,127.44627
2145,187001352,8005503,51650,신탄진기점지,3023011100,대전광역시,대덕구,석봉동,X,36.45155,127.41751
2146,187001353,8005502,51650,신탄진기점지,3023011100,대전광역시,대덕구,석봉동,X,36.449787,127.41792
2147,187001115,8002847,51660,금강엑슬루타워,3023011100,대전광역시,대덕구,석봉동,O,36.449306,127.42087
2148,187001120,8001634,51670,석봉네거리,3023011100,대전광역시,대덕구,석봉동,O,36.448463,127.41994
2149,187001114,8002848,51680,금강엑슬루타워,3023011100,대전광역시,대덕구,석봉동,O,36.449566,127.42093
2150,187001123,8002929,51690,한밭아파트,3023011100,대전광역시,대덕구,석봉동,O,36.445057,127.42436
2151,187001121,8002131,51700,신탄진시장,3023011100,대전광역시,대덕구,석봉동,O,36.450222,127.42443
2152,187001122,8002132,51710,신탄진시장,3023011100,대전광역시,대덕구,석봉동,O,36.450474,127.42503
2153,187001119,8001633,52040,석봉네거리,3023011100,대전광역시,대덕구,석봉동,O,36.44826,127.41989
2154,187001116,8001423,52060,대전이문고,3023011100,대전광역시,대덕구,석봉동,O,36.446476,127.42207
2155,187001117,8001424,52070,대전이문고,3023011100,대전광역시,대덕구,석봉동,O,36.446415,127.42238
2156,187001040,8002889,51730,한국타이어,3023011200,대전광역시,대덕구,목상동,O,36.448162,127.4104
2157,187001036,8001631,51740,목상동주민센터,3023011200,대전광역시,대덕구,목상동,O,36.44869,127.41096
2158,187001037,8001632,51750,목상동주민센터,3023011200,대전광역시,대덕구,목상동,O,36.44893,127.41211
2159,187001042,8002891,51760,한국타이어후문,3023011200,대전광역시,대덕구,목상동,O,36.449112,127.417076
2160,187001041,8002892,51770,한국타이어후문,3023011200,대전광역시,대덕구,목상동,O,36.449642,127.416084
2161,187001046,8002092,51780,신구교,3023011300,대전광역시,대덕구,문평동,O,36.43963,127.396385
2162,187001043,8001231,51790,기흥기계,3023011300,대전광역시,대덕구,문평동,O,36.44173,127.40005
2163,187001047,8003021,51800,효성신탄진공장,3023011300,대전광역시,대덕구,문평동,O,36.44466,127.40384
2164,187001044,8001310,51810,한국교통안전공단,3023011300,대전광역시,대덕구,문평동,O,36.446312,127.406334
2165,187001045,8002091,51820,신구교,3023011300,대전광역시,대덕구,문평동,O,36.439125,127.396126
2166,187001148,8001230,51830,기흥기계,3023011400,대전광역시,대덕구,신일동,O,36.44141,127.400116
2167,187001162,8002945,51840,한솔제지,3023011400,대전광역시,대덕구,신일동,X,36.43967,127.40244
2168,187001161,8002944,51850,한솔제지,3023011400,대전광역시,대덕구,신일동,X,36.440357,127.40207
2169,187001168,8003020,51860,효성신탄진공장,3023011400,대전광역시,대덕구,신일동,O,36.444374,127.40408
2170,187001165,8001001,51870,대덕우체국네거리,3023011400,대전광역시,대덕구,신일동,O,36.444008,127.40543
2171,187001166,8002907,51880,신일네거리,3023011400,대전광역시,대덕구,신일동,X,36.436214,127.40641
2172,187001167,8001599,51890,신일네거리,3023011400,대전광역시,대덕구,신일동,X,36.436485,127.40651
2173,187001164,8001002,51900,대덕우체국네거리,3023011400,대전광역시,대덕구,신일동,O,36.444553,127.40511
2174,187001367,8005509,51910,장고개삼거리,3023011400,대전광역시,대덕구,신일동,O,36.430874,127.40636
2175,187001368,8005510,51920,장고개삼거리,3023011400,대전광역시,대덕구,신일동,O,36.43131,127.40724
2176,187001149,8001309,51930,한국교통안전공단,3023011400,대전광역시,대덕구,신일동,O,36.446476,127.40726
2177,187001171,8005592,51940,을미기네거리,3023011400,대전광역시,대덕구,신일동,X,36.440933,127.40892
2178,187001173,8005863,51950,을미기네거리,3023011400,대전광역시,대덕구,신일동,O,36.440918,127.40926
2179,187001369,8005545,51960,동건운수,3023011400,대전광역시,대덕구,신일동,X,36.430523,127.409164
2180,187001370,8005544,51970,동건운수,3023011400,대전광역시,대덕구,신일동,X,36.43124,127.408905
2181,187001174,8002120,51980,시알들삼거리,3023011400,대전광역시,대덕구,신일동,X,36.433704,127.410126
2182,187001178,8002121,51990,시알들삼거리,3023011400,대전광역시,대덕구,신일동,X,36.434303,127.41125
2183,187001377,8002666,52000,직업능력개발원,3023011400,대전광역시,대덕구,신일동,X,36.439365,127.41086
2184,187001371,8002667,52010,직업능력개발원,3023011400,대전광역시,대덕구,신일동,X,36.43957,127.41084
2185,187001179,8001728,52020,벤처타운장영실관,3023011400,대전광역시,대덕구,신일동,X,36.43762,127.41312
2186,187001180,8001729,52030,벤처타운장영실관,3023011400,대전광역시,대덕구,신일동,X,36.43713,127.413376
2187,187001387,8007289,53490,대덕산업단지,3023011400,대전광역시,대덕구,신일동,O,36.43776,127.3964
2188,187001388,8007290,53500,대덕산업단지,3023011400,대전광역시,대덕구,신일동,O,36.438034,127.39567
2189,187001349,8001477,52050,덕암우체국,3023011500,대전광역시,대덕구,덕암동,O,36.43462,127.42183
2190,187001350,8001479,52080,행복한마을아파트,3023011500,대전광역시,대덕구,덕암동,O,36.438137,127.42305
2191,187001118,8001475,52090,덕암동,3023011500,대전광역시,대덕구,덕암동,O,36.445084,127.42397
2192,187001033,8002137,52100,신탄중앙중학교,3023011500,대전광역시,대덕구,덕암동,O,36.441025,127.42425
2193,187001034,8002138,52110,신탄중앙중학교,3023011500,대전광역시,대덕구,덕암동,O,36.441338,127.424545
2194,187001028,8001314,52120,대덕구보건소,3023011500,대전광역시,대덕구,덕암동,O,36.44348,127.42536
2195,187001029,8001313,52130,대덕구보건소,3023011500,대전광역시,대덕구,덕암동,O,36.443275,127.42538
2196,187001351,8001474,52340,덕암동주민센터,3023011500,대전광역시,대덕구,덕암동,O,36.4379,127.42651
2197,187001107,8001978,52140,선바위,3023011600,대전광역시,대덕구,상서동,X,36.425995,127.41894
2198,187001108,8001840,52150,새일초등학교,3023011600,대전광역시,대덕구,상서동,X,36.430523,127.41886
2199,187001109,8001977,52160,선바위,3023011600,대전광역시,대덕구,상서동,X,36.424828,127.41896
2200,187001110,8001909,52170,새일초등학교,3023011600,대전광역시,대덕구,상서동,X,36.429924,127.41926
2201,187001112,8001841,52180,선바위삼거리,3023011600,대전광역시,대덕구,상서동,X,36.42102,127.41963
2202,187001355,8001842,52190,선바위삼거리,3023011600,대전광역시,대덕구,상서동,O,36.421192,127.41982
2203,187001111,8001975,52200,선바위,3023011600,대전광역시,대덕구,상서동,O,36.42408,127.41955
2204,187001113,8001976,52210,선바위,3023011600,대전광역시,대덕구,상서동,O,36.4238,127.41968
2205,187001357,8001838,52220,상서삼거리,3023011600,대전광역시,대덕구,상서동,O,36.43006,127.42168
2206,187001356,8001839,52230,상서삼거리,3023011600,대전광역시,대덕구,상서동,O,36.429234,127.421524
2207,187001358,8001476,52240,덕암우체국,3023011600,대전광역시,대덕구,상서동,O,36.434155,127.42192
2208,187001361,8002139,52260,신탄진한일병원,3023011600,대전광역시,대덕구,상서동,O,36.432716,127.42363
2209,187001362,8002140,52270,신탄진한일병원,3023011600,대전광역시,대덕구,상서동,O,36.43331,127.4238
2210,187001359,8005613,53030,상서동,3023011600,대전광역시,대덕구,상서동,O,36.427597,127.42271
2211,187001363,8002427,53040,유창산업,3023011600,대전광역시,대덕구,상서동,X,36.432163,127.42482
2212,187001364,8001433,53050,철도차량정비단,3023011600,대전광역시,대덕구,상서동,O,36.42597,127.425735
2213,187001334,8001478,52290,행복한마을아파트,3023011700,대전광역시,대덕구,평촌동,O,36.437996,127.42321
2214,187001336,8002840,52310,평촌동,3023011700,대전광역시,대덕구,평촌동,O,36.435814,127.42541
2215,187001337,8002839,52320,평촌동,3023011700,대전광역시,대덕구,평촌동,O,36.435513,127.42549
2216,187001339,8001473,52330,덕암동주민센터,3023011700,대전광역시,대덕구,평촌동,O,36.438053,127.42623
2217,187001347,8002777,52380,태양마을,3023011700,대전광역시,대덕구,평촌동,O,36.437057,127.43394
2218,187001343,8005616,53010,달수정,3023011700,대전광역시,대덕구,평촌동,X,36.429283,127.429184
2219,187001340,8001298,53020,KT&G,3023011700,대전광역시,대덕구,평촌동,X,36.43789,127.427376
2220,187001346,8002841,53060,평촌동,3023011700,대전광역시,대덕구,평촌동,O,36.431816,127.43381
2221,187001344,8007069,53240,KT&G사택,3023011700,대전광역시,대덕구,평촌동,X,36.438187,127.432014
2222,187001291,8001904,52390,새뜸마을,3023011800,대전광역시,대덕구,장동,X,36.40234,127.437485
2223,187001292,8001905,52400,새뜸마을,3023011800,대전광역시,대덕구,장동,X,36.40214,127.4376
2224,187001293,8002505,52410,장동초등학교,3023011800,대전광역시,대덕구,장동,X,36.413387,127.4376
2225,187001295,8002506,52420,장동초등학교,3023011800,대전광역시,대덕구,장동,O,36.413628,127.437874
2226,187001294,8002507,52430,장동초등학교,3023011800,대전광역시,대덕구,장동,X,36.41337,127.43786
2227,187001296,8001836,52440,산디마을삼거리,3023011800,대전광역시,대덕구,장동,X,36.397766,127.43826
2228,187001297,8001837,52450,산디마을삼거리,3023011800,대전광역시,대덕구,장동,X,36.39783,127.43836
2229,187001298,8002504,52460,장동지구산림욕장,3023011800,대전광역시,대덕구,장동,X,36.406883,127.438705
2230,187001299,8002503,52470,장동지구산림욕장,3023011800,대전광역시,대덕구,장동,O,36.407284,127.438896
2231,187001300,8002496,52480,장동1구,3023011800,대전광역시,대덕구,장동,X,36.415207,127.44043
2232,187001301,8002497,52490,장동1구,3023011800,대전광역시,대덕구,장동,X,36.415222,127.440605
2233,187001302,8005937,52500,장동,3023011800,대전광역시,대덕구,장동,X,36.416847,127.44119
2234,187001307,8002498,52510,장동2구,3023011800,대전광역시,대덕구,장동,O,36.394997,127.44254
2235,187001303,8002502,53100,장동,3023011800,대전광역시,대덕구,장동,X,36.41685,127.44136
2236,187001305,8005939,53110,진골마을,3023011800,대전광역시,대덕구,장동,X,36.415333,127.44227
2237,187001306,8005938,53120,진골마을,3023011800,대전광역시,대덕구,장동,X,36.41528,127.44235
2238,187001247,8001752,52520,보조댐,3023011900,대전광역시,대덕구,용호동,O,36.448803,127.45228
2239,187001248,8001751,52530,보조댐,3023011900,대전광역시,대덕구,용호동,X,36.448708,127.452324
2240,187001264,8002327,52980,용호동종점,3023011900,대전광역시,대덕구,용호동,X,36.436035,127.44899
2241,187001262,8005980,53140,신탄진정수장,3023011900,대전광역시,대덕구,용호동,X,36.44294,127.44115
2242,187001261,8005981,53300,신탄진정수장,3023011900,대전광역시,대덕구,용호동,X,36.442837,127.44108
2243,187001285,8002477,52540,이현동,3023012000,대전광역시,대덕구,이현동,X,36.414913,127.45786
2244,187001286,8002476,52550,이현동,3023012000,대전광역시,대덕구,이현동,X,36.414997,127.457924
2245,187001287,8002479,52560,이현동마을정보센터,3023012000,대전광역시,대덕구,이현동,X,36.411682,127.46269
2246,187001289,8002475,52570,이현동,3023012000,대전광역시,대덕구,이현동,O,36.41203,127.46724
2247,187001288,8002478,52580,이현동마을정보센터,3023012000,대전광역시,대덕구,이현동,X,36.41138,127.46309
2248,187001290,8002474,52590,이현동,3023012000,대전광역시,대덕구,이현동,X,36.412,127.467384
2249,187001001,8001067,52600,갈전동,3023012100,대전광역시,대덕구,갈전동,X,36.42773,127.465805
2250,187001002,8001066,52610,갈전동,3023012100,대전광역시,대덕구,갈전동,X,36.427624,127.465836
2251,187001003,8001886,52620,갈전동.아래갈밭,3023012100,대전광역시,대덕구,갈전동,X,36.43113,127.46784
2252,187001004,8001885,52630,갈전동.아래갈밭,3023012100,대전광역시,대덕구,갈전동,X,36.431103,127.46795
2253,187001100,8001967,52640,삼정취수장,3023012400,대전광역시,대덕구,삼정동,X,36.449474,127.45641
2254,187001099,8001966,52650,삼정취수장,3023012400,대전광역시,대덕구,삼정동,X,36.449356,127.45637
2255,187001102,8001881,52660,삼정동,3023012400,대전광역시,대덕구,삼정동,X,36.43775,127.463135
2256,187001101,8001882,52670,삼정동,3023012400,대전광역시,대덕구,삼정동,X,36.43782,127.463066
2257,187001103,8001883,52680,삼정동.근장골길,3023012400,대전광역시,대덕구,삼정동,X,36.447323,127.46533
2258,187001104,8001884,52690,삼정동.근장골길,3023012400,대전광역시,대덕구,삼정동,X,36.44739,127.46538
2259,187001105,8001888,52700,삼정동.소골마을,3023012400,대전광역시,대덕구,삼정동,X,36.44264,127.46657
2260,187001106,8001887,52710,삼정동.소골마을,3023012400,대전광역시,대덕구,삼정동,X,36.442608,127.46668
2261,187001058,8003033,52720,미호교,3023012500,대전광역시,대덕구,미호동,X,36.45997,127.46551
2262,187001059,8003034,52730,미호교,3023012500,대전광역시,대덕구,미호동,X,36.45876,127.46551
2263,187001056,8001671,52740,숯골,3023012500,대전광역시,대덕구,미호동,O,36.4644,127.46706
2264,187001057,8001672,52750,숯골,3023012500,대전광역시,대덕구,미호동,X,36.46492,127.46737
2265,187001054,8002079,52760,벌말,3023012500,대전광역시,대덕구,미호동,O,36.466747,127.46896
2266,187001055,8002078,52770,벌말,3023012500,대전광역시,대덕구,미호동,X,36.46685,127.469284
2267,187001050,8001446,52780,대청댐,3023012500,대전광역시,대덕구,미호동,X,36.470657,127.472755
2268,187001051,8005882,53180,안골,3023012500,대전광역시,대덕구,미호동,X,36.46996,127.47207
2269,187001049,8007008,53190,금강로하스대청공원,3023012500,대전광역시,대덕구,미호동,X,36.47248,127.47627
2270,187001048,8007009,53200,금강로하스대청공원,3023012500,대전광역시,대덕구,미호동,O,36.47197,127.47523
2271,187001053,8005631,53210,대청댐(종점),3023012500,대전광역시,대덕구,미호동,X,36.4753,127.48042
2272,187001378,8007250,53360,신탄진동행정복지센터,3023012600,대전광역시,대덕구,신탄진동,O,36.452038,127.42889
2273,187001379,8007249,53350,신탄진동행정복지센터,3023012600,대전광역시,대덕구,신탄진동,O,36.452824,127.42855
2274,187001469,8007249,53350,신탄진동행정복지센터,3023012600,대전광역시,대덕구,신탄진동,O,36.452824,127.42855
2275,187001470,8007250,53360,신탄진동행정복지센터,3023012600,대전광역시,대덕구,신탄진동,O,36.452038,127.42889
2276,187001169,8001241,51720,남경마을,3023012600,대전광역시,대덕구,신탄진동,O,36.44464,127.42941
2277,187001184,8002133,52790,신탄진역,3023012600,대전광역시,대덕구,신탄진동,O,36.449863,127.428955
2278,187001185,8002134,52810,신탄진역,3023012600,대전광역시,대덕구,신탄진동,O,36.449253,127.42927
2279,187001177,8002129,52820,신탄진과선교,3023012600,대전광역시,대덕구,신탄진동,X,36.44258,127.42957
2280,187001170,8001242,52830,남경마을,3023012600,대전광역시,대덕구,신탄진동,O,36.444923,127.42969
2281,187001182,8002130,52840,신탄진동행정복지센터,3023012600,대전광역시,대덕구,신탄진동,O,36.45146,127.430374
2282,187001372,8001965,52850,석봉과선교,3023012600,대전광역시,대덕구,신탄진동,X,36.447426,127.43049
2283,187001183,8002959,52860,신탄진동행정복지센터,3023012600,대전광역시,대덕구,신탄진동,X,36.451668,127.430664
2284,187001175,8001968,52870,석봉초등학교,3023012600,대전광역시,대덕구,신탄진동,O,36.448044,127.433075
2285,187001373,8002958,52880,신탄진26통,3023012600,대전광역시,대덕구,신탄진동,X,36.44401,127.43361
2286,187001374,8002957,52890,신탄진26통,3023012600,대전광역시,대덕구,신탄진동,X,36.443947,127.43371
2287,187001176,8001969,52900,석봉초등학교,3023012600,대전광역시,대덕구,신탄진동,X,36.448143,127.43447
2288,187001193,8001906,52910,새여울아파트,3023012600,대전광역시,대덕구,신탄진동,O,36.45254,127.434555
2289,187001196,8002128,52930,신탄진고등학교,3023012600,대전광역시,대덕구,신탄진동,O,36.450535,127.43516
2290,187001197,8002127,52940,신탄진고등학교,3023012600,대전광역시,대덕구,신탄진동,O,36.450073,127.43542
2291,187001190,8002319,52950,용정초등학교,3023012600,대전광역시,대덕구,신탄진동,O,36.453426,127.43602
2292,187001189,8002320,52960,동일스위트리버스카이,3023012600,대전광역시,대덕구,신탄진동,O,36.452747,127.43391
2293,187001172,8001753,52970,보훈병원종점,3023012600,대전광역시,대덕구,신탄진동,X,36.44816,127.438965
2294,187001186,8002136,52990,금강로하스타워,3023012600,대전광역시,대덕구,신탄진동,O,36.4489,127.44465
2295,187001187,8002135,53000,금강로하스타워,3023012600,대전광역시,대덕구,신탄진동,X,36.448536,127.44346
2296,187001452,8007262,53390,보훈병원,3023012600,대전광역시,대덕구,신탄진동,X,36.447773,127.439354
